frame,tl_x,tl_y,tl_loss,tr_x,tr_y,tr_loss,bl_x,bl_y,bl_loss,br_x,br_y,br_loss,processing_time_ms
0,0,0,1.0000,1280,0,nan,0,720,nan,1280,720,nan,36
1,0,0,1.0000,1280,0,nan,0,720,nan,1280,720,nan,36
2,0,0,1.0000,1280,0,nan,0,720,nan,1280,720,nan,36
3,0,0,1.0000,1280,0,nan,0,720,nan,1280,720,nan,36
4,0,0,1.0000,1280,0,nan,0,720,nan,1280,720,nan,36
5,0,0,1.0000,1280,0,nan,0,720,nan,1280,720,nan,36
6,0,0,1.0000,1280,0,nan,0,720,nan,1280,720,nan,36
7,0,0,1.0000,1280,0,nan,0,720,nan,1280,720,nan,36
8,0,0,1.0000,1280,0,nan,0,720,nan,1280,720,nan,36
9,0,0,1.0000,1280,0,nan,0,720,nan,1280,720,nan,36
10,0,0,1.0000,1280,0,nan,0,720,nan,1280,720,nan,36
11,0,0,1.0000,1280,0,nan,0,720,nan,1280,720,nan,36
12,0,0,1.0000,1280,0,nan,0,720,nan,1280,720,nan,36
13,0,0,1.0000,1280,0,nan,0,720,nan,1280,720,nan,36
14,0,0,1.0000,1280,0,nan,0,720,nan,1280,720,nan,36
15,0,0,1.0000,1280,0,nan,0,720,nan,1280,720,nan,36
16,0,0,1.0000,1280,0,nan,0,720,nan,1280,720,nan,36
17,0,0,1.0000,1280,0,nan,0,720,nan,1280,720,nan,36
18,0,0,1.0000,1280,0,nan,0,720,nan,1280,720,nan,36
19,0,0,1.0000,1280,0,nan,0,720,nan,1280,720,nan,36
20,0,0,1.0000,1280,0,nan,0,720,nan,1280,720,nan,36
21,0,0,1.0000,1280,0,nan,0,720,nan,1280,720,nan,36
22,0,0,1.0000,1280,0,nan,0,720,nan,1280,720,nan,36
23,0,0,1.0000,1280,0,nan,0,720,nan,1280,720,nan,36
24,0,0,1.0000,1280,0,nan,0,720,nan,1280,720,nan,36
25,0,0,1.0000,1280,0,nan,0,720,nan,1280,720,nan,36
26,0,0,1.0000,1280,0,nan,0,720,nan,1280,720,nan,36
27,0,0,1.0000,1280,0,nan,0,720,nan,1280,720,nan,36
28,0,0,1.0000,1280,0,nan,0,720,nan,1280,720,nan,36
29,0,0,1.0000,1280,0,nan,0,720,nan,1280,720,nan,36
30,0,0,1.0000,1280,0,nan,0,720,nan,1280,720,nan,36
31,0,0,1.0000,1280,0,nan,0,720,nan,1280,720,nan,36
32,0,0,1.0000,1280,0,nan,0,720,nan,1280,720,nan,36
33,0,0,1.0000,1280,0,nan,0,720,nan,1280,720,nan,36
34,0,0,1.0000,1280,0,nan,0,720,nan,1280,720,nan,36
35,0,0,1.0000,1280,0,nan,0,720,nan,1280,720,nan,36
36,0,0,1.0000,1280,0,nan,0,720,nan,1280,720,nan,36
37,0,0,1.0000,1280,0,nan,0,720,nan,1280,720,nan,36
38,0,0,1.0000,1280,0,nan,0,720,nan,1280,720,nan,36
39,0,0,1.0000,1280,0,nan,0,720,nan,1280,720,nan,36
40,0,0,1.0000,1280,0,nan,0,720,nan,1280,720,nan,36
41,0,0,1.0000,1280,0,nan,0,720,nan,1280,720,nan,36
42,0,0,1.0000,1280,0,nan,0,720,nan,1280,720,nan,36
43,0,0,1.0000,1280,0,nan,0,720,nan,1280,720,nan,36
44,0,0,1.0000,1280,0,nan,0,720,nan,1280,720,nan,36
45,0,0,1.0000,1280,0,nan,0,720,nan,1280,720,nan,36
46,0,0,1.0000,1280,0,nan,0,720,nan,1280,720,nan,36
47,0,0,1.0000,1280,0,nan,0,720,nan,1280,720,nan,36
48,0,0,1.0000,1280,0,nan,0,720,nan,1280,720,nan,36
49,0,0,1.0000,1280,0,nan,0,720,nan,1280,720,nan,36
50,0,0,1.0000,1280,0,nan,0,720,nan,1280,720,nan,36
51,0,0,1.0000,1280,0,nan,0,720,nan,1280,720,nan,36
52,0,0,1.0000,1280,0,nan,0,720,nan,1280,720,nan,36
53,0,0,1.0000,1280,0,nan,0,720,nan,1280,720,nan,36
54,0,0,1.0000,1280,0,nan,0,720,nan,1280,720,nan,36
55,0,0,1.0000,1280,0,nan,0,720,nan,1280,720,nan,36
56,0,0,1.0000,1280,0,nan,0,720,nan,1280,720,nan,36
57,0,0,1.0000,1280,0,nan,0,720,nan,1280,720,nan,36
58,0,0,1.0000,1280,0,nan,0,720,nan,1280,720,nan,36
59,0,0,1.0000,1280,0,nan,0,720,nan,1280,720,nan,36
60,0,0,1.0000,1280,0,nan,0,720,nan,1280,720,nan,36
61,0,0,1.0000,1280,0,nan,0,720,nan,1280,720,nan,36
62,0,0,1.0000,1280,0,nan,0,720,nan,1280,720,nan,36
63,0,0,1.0000,1280,0,nan,0,720,nan,1280,720,nan,36
64,0,0,1.0000,1280,0,nan,0,720,nan,1280,720,nan,36
65,0,0,1.0000,1280,0,nan,0,720,nan,1280,720,nan,36
66,0,0,1.0000,1280,0,nan,0,720,nan,1280,720,nan,36
67,0,0,1.0000,1280,0,nan,0,720,nan,1280,720,nan,36
68,0,0,1.0000,1280,0,nan,0,720,nan,1280,720,nan,36
69,0,0,1.0000,1280,0,nan,0,720,nan,1280,720,nan,36
70,0,0,1.0000,1280,0,nan,0,720,nan,1280,720,nan,36
71,0,0,1.0000,1280,0,nan,0,720,nan,1280,720,nan,36
72,0,0,1.0000,1280,0,nan,0,720,nan,1280,720,nan,36
73,0,0,1.0000,1280,0,nan,0,720,nan,1280,720,nan,36
74,0,0,1.0000,1280,0,nan,0,720,nan,1280,720,nan,36
75,0,0,1.0000,1280,0,nan,0,720,nan,1280,720,nan,36
76,0,0,1.0000,1280,0,nan,0,720,nan,1280,720,nan,36
77,0,0,1.0000,1280,0,nan,0,720,nan,1280,720,nan,36
78,0,0,1.0000,1280,0,nan,0,720,nan,1280,720,nan,36
79,0,0,1.0000,1280,0,nan,0,720,nan,1280,720,nan,36
80,0,0,1.0000,1280,0,nan,0,720,nan,1280,720,nan,36
81,0,0,1.0000,1280,0,nan,0,720,nan,1280,720,nan,36
82,0,0,1.0000,1280,0,nan,0,720,nan,1280,720,nan,36
83,0,0,1.0000,1280,0,nan,0,720,nan,1280,720,nan,36
84,0,0,1.0000,1280,0,nan,0,720,nan,1280,720,nan,36
85,0,0,1.0000,1280,0,nan,0,720,nan,1280,720,nan,36
86,0,0,1.0000,1280,0,nan,0,720,nan,1280,720,nan,36
87,0,0,1.0000,1280,0,nan,0,720,nan,1280,720,nan,36
88,0,0,1.0000,1280,0,nan,0,720,nan,1280,720,nan,36
89,0,0,1.0000,1280,0,nan,0,720,nan,1280,720,nan,36
90,0,0,1.0000,1280,0,nan,0,720,nan,1280,720,nan,36
91,0,0,1.0000,1280,0,nan,0,720,nan,1280,720,nan,36
92,0,0,1.0000,1280,0,nan,0,720,nan,1280,720,nan,36
93,0,0,1.0000,1280,0,nan,0,720,nan,1280,720,nan,36
94,0,0,1.0000,1280,0,nan,0,720,nan,1280,720,nan,36
95,0,0,1.0000,1280,0,nan,0,720,nan,1280,720,nan,36
96,0,0,1.0000,1280,0,nan,0,720,nan,1280,720,nan,36
97,0,0,1.0000,1280,0,nan,0,720,nan,1280,720,nan,36
98,0,0,1.0000,1280,0,nan,0,720,nan,1280,720,nan,36
99,0,0,1.0000,1280,0,nan,0,720,nan,1280,720,nan,36
100,0,0,1.0000,1280,0,nan,0,720,nan,1280,720,nan,36
101,0,0,1.0000,1280,0,nan,0,720,nan,1280,720,nan,36
102,0,0,1.0000,1280,0,nan,0,720,nan,1280,720,nan,36
103,0,0,1.0000,1280,0,nan,0,720,nan,1280,720,nan,36
104,0,0,1.0000,1280,0,nan,0,720,nan,1280,720,nan,36
105,0,0,1.0000,1280,0,nan,0,720,nan,1280,720,nan,36
106,0,0,1.0000,1280,0,nan,0,720,nan,1280,720,nan,36
107,0,0,1.0000,1280,0,nan,0,720,nan,1280,720,nan,36
108,0,0,1.0000,1280,0,nan,0,720,nan,1280,720,nan,36
109,0,0,1.0000,1280,0,nan,0,720,nan,1280,720,nan,36
110,0,0,1.0000,1280,0,nan,0,720,nan,1280,720,nan,36
111,0,0,1.0000,1280,0,nan,0,720,nan,1280,720,nan,52
112,0,0,1.0000,1280,0,nan,0,720,nan,1280,720,nan,37
113,0,0,1.0000,1280,0,nan,0,720,nan,1280,720,nan,37
114,0,0,1.0000,1280,0,nan,0,720,nan,1280,720,nan,37
115,0,0,1.0000,1280,0,nan,0,720,nan,1280,720,nan,38
116,0,0,1.0000,1280,0,nan,0,720,nan,1280,720,nan,36
117,0,0,1.0000,1280,0,nan,0,720,nan,1280,720,nan,36
118,0,0,1.0000,1280,0,nan,0,720,nan,1280,720,nan,36
119,0,0,1.0000,1280,0,nan,0,720,nan,1280,720,nan,36
120,0,0,1.0000,1280,0,nan,0,720,nan,1280,720,nan,36
121,0,0,1.0000,1280,0,nan,0,720,nan,1280,720,nan,36
122,0,0,1.0000,1280,0,nan,0,720,nan,1280,720,nan,36
123,0,0,1.0000,1280,0,nan,0,720,nan,1280,720,nan,36
124,0,0,1.0000,1280,0,nan,0,720,nan,1280,720,nan,36
125,0,0,1.0000,1280,0,nan,0,720,nan,1280,720,nan,36
126,0,0,1.0000,1280,0,nan,0,720,nan,1280,720,nan,36
127,0,0,1.0000,1280,0,nan,0,720,nan,1280,720,nan,36
128,0,0,1.0000,1280,0,nan,0,720,nan,1280,720,nan,36
129,0,0,1.0000,1280,0,nan,0,720,nan,1280,720,nan,36
130,0,0,1.0000,1280,0,nan,0,720,nan,1280,720,nan,36
131,0,0,1.0000,1280,0,nan,0,720,nan,1280,720,nan,36
132,0,0,1.0000,1280,0,nan,0,720,nan,1280,720,nan,36
133,0,0,1.0000,1280,0,nan,0,720,nan,1280,720,nan,36
134,0,0,1.0000,1280,0,nan,0,720,nan,1280,720,nan,36
135,0,0,1.0000,1280,0,nan,0,720,nan,1280,720,nan,36
136,0,0,1.0000,1280,0,nan,0,720,nan,1280,720,nan,36
137,0,0,1.0000,1280,0,nan,0,720,nan,1280,720,nan,36
138,0,0,1.0000,1280,0,nan,0,720,nan,1280,720,nan,36
139,0,0,1.0000,1280,0,nan,0,720,nan,1280,720,nan,36
140,0,0,1.0000,1280,0,nan,0,720,nan,1280,720,nan,36
141,0,0,1.0000,1280,0,nan,0,720,nan,1280,720,nan,36
142,0,0,1.0000,1280,0,nan,0,720,nan,1280,720,nan,36
143,0,0,1.0000,1280,0,nan,0,720,nan,1280,720,nan,36
144,0,0,1.0000,1280,0,nan,0,720,nan,1280,720,nan,36
145,0,0,1.0000,1280,0,nan,0,720,nan,1280,720,nan,36
146,0,0,1.0000,1280,0,nan,0,720,nan,1280,720,nan,36
147,0,0,1.0000,1280,0,nan,0,720,nan,1280,720,nan,36
148,0,0,1.0000,1280,0,nan,0,720,nan,1280,720,nan,36
149,0,0,1.0000,1280,0,nan,0,720,nan,1280,720,nan,36
150,0,0,1.0000,1280,0,nan,0,720,nan,1280,720,nan,36
151,0,0,1.0000,1280,0,nan,0,720,nan,1280,720,nan,36
152,0,0,1.0000,1280,0,nan,0,720,nan,1280,720,nan,36
153,0,0,1.0000,1280,0,nan,0,720,nan,1280,720,nan,36
154,0,0,1.0000,1280,0,nan,0,720,nan,1280,720,nan,36
155,0,0,1.0000,1280,0,nan,0,720,nan,1280,720,nan,46
156,0,0,1.0000,1280,0,nan,0,720,nan,1280,720,nan,40
157,0,0,1.0000,1280,0,nan,0,720,nan,1280,720,nan,36
158,0,0,1.0000,1280,0,nan,0,720,nan,1280,720,nan,36
159,0,0,1.0000,1280,0,nan,0,720,nan,1280,720,nan,36
160,0,0,1.0000,1280,0,nan,0,720,nan,1280,720,nan,36
161,0,0,1.0000,1280,0,nan,0,720,nan,1280,720,nan,36
162,0,0,1.0000,1280,0,nan,0,720,nan,1280,720,nan,36
163,0,0,1.0000,1280,0,nan,0,720,nan,1280,720,nan,36
164,0,0,1.0000,1280,0,nan,0,720,nan,1280,720,nan,36
165,0,0,1.0000,1280,0,nan,0,720,nan,1280,720,nan,39
166,0,0,1.0000,1280,0,nan,0,720,nan,1280,720,nan,42
167,0,0,1.0000,1280,0,nan,0,720,nan,1280,720,nan,42
168,0,0,1.0000,1280,0,nan,0,720,nan,1280,720,nan,92
169,0,0,1.0000,1280,0,nan,0,720,nan,1280,720,nan,37
170,0,0,1.0000,1280,0,nan,0,720,nan,1280,720,nan,64
171,0,0,1.0000,1280,0,nan,0,720,nan,1280,720,nan,53
172,0,0,1.0000,1280,0,nan,0,720,nan,1280,720,nan,44
173,0,0,1.0000,1280,0,nan,0,720,nan,1280,720,nan,40
174,0,0,1.0000,1280,0,nan,0,720,nan,1280,720,nan,37
175,0,0,1.0000,1280,0,nan,0,720,nan,1280,720,nan,40
176,0,0,1.0000,1280,0,nan,0,720,nan,1280,720,nan,38
177,0,0,1.0000,1280,0,nan,0,720,nan,1280,720,nan,36
178,0,0,1.0000,1280,0,nan,0,720,nan,1280,720,nan,62
179,0,0,1.0000,1280,0,nan,0,720,nan,1280,720,nan,37
180,0,0,1.0000,1280,0,nan,0,720,nan,1280,720,nan,36
181,0,0,1.0000,1280,0,nan,0,720,nan,1280,720,nan,36
182,0,0,1.0000,1280,0,nan,0,720,nan,1280,720,nan,36
183,0,0,1.0000,1280,0,nan,0,720,nan,1280,720,nan,36
184,0,0,1.0000,1280,0,nan,0,720,nan,1280,720,nan,36
185,0,0,1.0000,1280,0,nan,0,720,nan,1280,720,nan,36
186,0,0,1.0000,1280,0,nan,0,720,nan,1280,720,nan,36
187,0,0,1.0000,1280,0,nan,0,720,nan,1280,720,nan,36
188,0,0,1.0000,1280,0,nan,0,720,nan,1280,720,nan,36
189,0,0,1.0000,1280,0,nan,0,720,nan,1280,720,nan,36
190,0,0,1.0000,1280,0,nan,0,720,nan,1280,720,nan,36
191,0,0,1.0000,1280,0,nan,0,720,nan,1280,720,nan,36
192,0,0,1.0000,1280,0,nan,0,720,nan,1280,720,nan,36
193,0,0,1.0000,1280,0,nan,0,720,nan,1280,720,nan,36
194,0,0,1.0000,1280,0,nan,0,720,nan,1280,720,nan,36
195,0,0,1.0000,1280,0,nan,0,720,nan,1280,720,nan,36
196,0,0,1.0000,1280,0,nan,0,720,nan,1280,720,nan,37
197,0,0,1.0000,1280,0,nan,0,720,nan,1280,720,nan,36
198,0,0,1.0000,1280,0,nan,0,720,nan,1280,720,nan,36
199,0,0,1.0000,1280,0,nan,0,720,nan,1280,720,nan,36
200,0,0,1.0000,1280,0,nan,0,720,nan,1280,720,nan,36
201,0,0,1.0000,1280,0,nan,0,720,nan,1280,720,nan,37
202,0,0,1.0000,1280,0,nan,0,720,nan,1280,720,nan,36
203,0,0,1.0000,1280,0,nan,0,720,nan,1280,720,nan,36
204,0,0,1.0000,1280,0,nan,0,720,nan,1280,720,nan,36
205,0,0,1.0000,1280,0,nan,0,720,nan,1280,720,nan,36
206,0,0,1.0000,1280,0,nan,0,720,nan,1280,720,nan,36
207,0,0,1.0000,1280,0,nan,0,720,nan,1280,720,nan,36
208,0,0,1.0000,1280,0,nan,0,720,nan,1280,720,nan,36
209,0,0,1.0000,1280,0,nan,0,720,nan,1280,720,nan,36
210,0,0,1.0000,1280,0,nan,0,720,nan,1280,720,nan,36
211,0,0,1.0000,1280,0,nan,0,720,nan,1280,720,nan,36
212,0,0,1.0000,1280,0,nan,0,720,nan,1280,720,nan,36
213,0,0,1.0000,1280,0,nan,0,720,nan,1280,720,nan,36
214,0,0,1.0000,1280,0,nan,0,720,nan,1280,720,nan,36
215,0,0,1.0000,1280,0,nan,0,720,nan,1280,720,nan,36
216,0,0,1.0000,1280,0,nan,0,720,nan,1280,720,nan,36
217,0,0,1.0000,1280,0,nan,0,720,nan,1280,720,nan,36
218,0,0,1.0000,1280,0,nan,0,720,nan,1280,720,nan,36
219,0,0,1.0000,1280,0,nan,0,720,nan,1280,720,nan,36
220,0,0,1.0000,1280,0,nan,0,720,nan,1280,720,nan,36
221,0,0,1.0000,1280,0,nan,0,720,nan,1280,720,nan,36
222,0,0,1.0000,1280,0,nan,0,720,nan,1280,720,nan,36
223,0,0,1.0000,1280,0,nan,0,720,nan,1280,720,nan,36
224,0,0,1.0000,1280,0,nan,0,720,nan,1280,720,nan,36
225,0,0,1.0000,1280,0,nan,0,720,nan,1280,720,nan,36
226,0,0,1.0000,1280,0,nan,0,720,nan,1280,720,nan,36
227,0,0,1.0000,1280,0,nan,0,720,nan,1280,720,nan,36
228,0,0,1.0000,1280,0,nan,0,720,nan,1280,720,nan,36
229,0,0,1.0000,1280,0,nan,0,720,nan,1280,720,nan,36
230,0,0,1.0000,1280,0,nan,0,720,nan,1280,720,nan,36
231,0,0,1.0000,1280,0,nan,0,720,nan,1280,720,nan,36
232,0,0,1.0000,1280,0,nan,0,720,nan,1280,720,nan,36
233,0,0,1.0000,1280,0,nan,0,720,nan,1280,720,nan,36
234,0,0,1.0000,1280,0,nan,0,720,nan,1280,720,nan,36
235,0,0,1.0000,1280,0,nan,0,720,nan,1280,720,nan,36
236,0,0,1.0000,1280,0,nan,0,720,nan,1280,720,nan,36
237,0,0,1.0000,1280,0,nan,0,720,nan,1280,720,nan,36
238,0,0,1.0000,1280,0,nan,0,720,nan,1280,720,nan,36
239,0,0,1.0000,1280,0,nan,0,720,nan,1280,720,nan,36
240,0,0,1.0000,1280,0,nan,0,720,nan,1280,720,nan,36
241,0,0,1.0000,1280,0,nan,0,720,nan,1280,720,nan,36
242,0,0,1.0000,1280,0,nan,0,720,nan,1280,720,nan,36
243,0,0,1.0000,1280,0,nan,0,720,nan,1280,720,nan,36
244,0,0,1.0000,1280,0,nan,0,720,nan,1280,720,nan,36
245,0,0,1.0000,1280,0,nan,0,720,nan,1280,720,nan,36
246,0,0,1.0000,1280,0,nan,0,720,nan,1280,720,nan,36
247,0,0,1.0000,1280,0,nan,0,720,nan,1280,720,nan,36
248,0,0,1.0000,1280,0,nan,0,720,nan,1280,720,nan,36
249,0,0,1.0000,1280,0,nan,0,720,nan,1280,720,nan,36
250,0,0,1.0000,1280,0,nan,0,720,nan,1280,720,nan,36
251,0,0,1.0000,1280,0,nan,0,720,nan,1280,720,nan,36
252,0,0,1.0000,1280,0,nan,0,720,nan,1280,720,nan,36
253,0,0,1.0000,1280,0,nan,0,720,nan,1280,720,nan,36
254,0,0,1.0000,1280,0,nan,0,720,nan,1280,720,nan,36
255,0,0,1.0000,1280,0,nan,0,720,nan,1280,720,nan,36
256,0,0,1.0000,1280,0,nan,0,720,nan,1280,720,nan,36
257,0,0,1.0000,1280,0,nan,0,720,nan,1280,720,nan,36
258,0,0,1.0000,1280,0,nan,0,720,nan,1280,720,nan,36
259,0,0,1.0000,1280,0,nan,0,720,nan,1280,720,nan,36
260,0,0,1.0000,1280,0,nan,0,720,nan,1280,720,nan,36
261,0,0,1.0000,1280,0,nan,0,720,nan,1280,720,nan,36
262,0,0,1.0000,1280,0,nan,0,720,nan,1280,720,nan,36
263,0,0,1.0000,1280,0,nan,0,720,nan,1280,720,nan,36
264,0,0,1.0000,1280,0,nan,0,720,nan,1280,720,nan,36
265,0,0,1.0000,1280,0,nan,0,720,nan,1280,720,nan,36
266,0,0,1.0000,1280,0,nan,0,720,nan,1280,720,nan,36
267,0,0,1.0000,1280,0,nan,0,720,nan,1280,720,nan,36
268,0,0,1.0000,1280,0,nan,0,720,nan,1280,720,nan,36
269,0,0,1.0000,1280,0,nan,0,720,nan,1280,720,nan,36
270,0,0,1.0000,1280,0,nan,0,720,nan,1280,720,nan,36
271,0,0,1.0000,1280,0,nan,0,720,nan,1280,720,nan,36
272,0,0,1.0000,1280,0,nan,0,720,nan,1280,720,nan,36
273,0,0,1.0000,1280,0,nan,0,720,nan,1280,720,nan,36
274,0,0,1.0000,1280,0,nan,0,720,nan,1280,720,nan,36
275,0,0,1.0000,1280,0,nan,0,720,nan,1280,720,nan,36
276,0,0,1.0000,1280,0,nan,0,720,nan,1280,720,nan,36
277,0,0,1.0000,1280,0,nan,0,720,nan,1280,720,nan,36
278,0,0,1.0000,1280,0,nan,0,720,nan,1280,720,nan,36
279,0,0,1.0000,1280,0,nan,0,720,nan,1280,720,nan,36
280,0,0,1.0000,1280,0,nan,0,720,nan,1280,720,nan,36
281,0,0,1.0000,1280,0,nan,0,720,nan,1280,720,nan,36
282,0,0,1.0000,1280,0,nan,0,720,nan,1280,720,nan,36
283,0,0,1.0000,1280,0,nan,0,720,nan,1280,720,nan,36
284,0,0,1.0000,1280,0,nan,0,720,nan,1280,720,nan,36
285,0,0,1.0000,1280,0,nan,0,720,nan,1280,720,nan,36
286,0,0,1.0000,1280,0,nan,0,720,nan,1280,720,nan,36
287,0,0,1.0000,1280,0,nan,0,720,nan,1280,720,nan,36
288,0,0,1.0000,1280,0,nan,0,720,nan,1280,720,nan,36
289,0,0,1.0000,1280,0,nan,0,720,nan,1280,720,nan,36
290,0,0,1.0000,1280,0,nan,0,720,nan,1280,720,nan,36
291,0,0,1.0000,1280,0,nan,0,720,nan,1280,720,nan,36
292,0,0,1.0000,1280,0,nan,0,720,nan,1280,720,nan,36
293,0,0,1.0000,1280,0,nan,0,720,nan,1280,720,nan,36
294,0,0,0.9931,1280,0,nan,0,720,nan,1280,720,nan,36
295,0,0,1.0000,1280,0,nan,0,720,nan,1280,720,nan,36
296,0,0,1.0000,1280,0,nan,0,720,nan,1280,720,nan,37
297,-11,-47,0.9954,1280,0,nan,0,720,nan,1280,720,nan,36
298,-18,-47,0.9680,1280,0,nan,0,720,nan,1280,720,nan,35
299,-48,-45,0.9780,1280,0,nan,0,720,nan,1280,720,nan,35
300,0,-47,0.9442,1280,0,nan,0,720,nan,1280,720,nan,35
301,10,-42,0.9668,1280,0,nan,0,720,nan,1280,720,nan,35
302,0,-38,0.9713,1280,0,nan,0,720,nan,1280,720,nan,35
303,25,-49,0.9484,1280,0,nan,0,720,nan,1280,720,nan,35
304,30,-46,0.9953,1280,0,nan,0,720,nan,1280,720,nan,35
305,0,0,1.0000,1280,0,nan,0,720,nan,1280,720,nan,36
306,0,0,1.0000,1280,0,nan,0,720,nan,1280,720,nan,36
307,0,-49,0.9908,1280,0,nan,0,720,nan,1280,720,nan,36
308,0,0,1.0000,1280,0,nan,0,720,nan,1280,720,nan,36
309,0,0,1.0000,1280,0,nan,0,720,nan,1280,720,nan,36
310,0,0,1.0000,1280,0,nan,0,720,nan,1280,720,nan,36
311,-41,-49,0.9956,1280,0,nan,0,720,nan,1280,720,nan,35
312,0,0,1.0000,1280,0,nan,0,720,nan,1280,720,nan,36
313,0,0,1.0000,1280,0,nan,0,720,nan,1280,720,nan,36
314,-7,-42,0.9812,1280,0,nan,0,720,nan,1280,720,nan,35
315,-44,-40,0.9682,1280,0,nan,0,720,nan,1280,720,nan,35
316,-37,-50,0.9600,1280,0,nan,0,720,nan,1280,720,nan,35
317,-26,-50,0.9596,1280,0,nan,0,720,nan,1280,720,nan,35
318,0,0,1.0000,1280,0,nan,0,720,nan,1280,720,nan,36
319,-42,-50,0.9868,1280,0,nan,0,720,nan,1280,720,nan,35
320,-49,-50,0.9957,1280,0,nan,0,720,nan,1280,720,nan,35
321,-6,-28,0.9902,1280,0,nan,0,720,nan,1280,720,nan,35
322,-46,-33,0.9815,1280,0,nan,0,720,nan,1280,720,nan,35
323,0,-33,0.9855,1280,0,nan,0,720,nan,1280,720,nan,36
324,-45,-14,0.9707,1280,0,nan,0,720,nan,1280,720,nan,35
325,-21,-35,0.9340,1280,0,nan,0,720,nan,1280,720,nan,35
326,-41,-41,0.9409,1280,0,nan,0,720,nan,1280,720,nan,35
327,-13,-40,0.9486,1280,0,nan,0,720,nan,1280,720,nan,35
328,-30,-19,0.9507,1280,0,nan,0,720,nan,1280,720,nan,35
329,-20,-8,0.9742,1280,0,nan,0,720,nan,1280,720,nan,35
330,-34,-22,0.9320,1280,0,nan,0,720,nan,1280,720,nan,35
331,-20,-20,0.9602,1280,0,nan,0,720,nan,1280,720,nan,35
332,-26,-36,0.9014,1280,0,nan,0,720,nan,1280,720,nan,35
333,-16,-45,0.9078,1280,0,nan,0,720,nan,1280,720,nan,35
334,-36,-28,0.9431,1280,0,nan,0,720,nan,1280,720,nan,35
335,-13,-44,0.9302,1280,0,nan,0,720,nan,1280,720,nan,35
336,-45,-34,0.9722,1280,0,nan,0,720,nan,1280,720,nan,35
337,0,0,1.0000,1280,0,nan,0,720,nan,1280,720,nan,36
338,0,0,1.0000,1280,0,nan,0,720,nan,1280,720,nan,36
339,-42,-46,0.9911,1280,0,nan,0,720,nan,1280,720,nan,35
340,0,0,1.0000,1280,0,nan,0,720,nan,1280,720,nan,36
341,0,0,1.0000,1280,0,nan,0,720,nan,1280,720,nan,36
342,0,0,1.0000,1280,0,nan,0,720,nan,1280,720,nan,36
343,0,0,1.0000,1280,0,nan,0,720,nan,1280,720,nan,36
344,0,0,1.0000,1280,0,nan,0,720,nan,1280,720,nan,36
345,0,0,1.0000,1280,0,nan,0,720,nan,1280,720,nan,36
346,0,0,1.0000,1280,0,nan,0,720,nan,1280,720,nan,36
347,0,0,1.0000,1280,0,nan,0,720,nan,1280,720,nan,36
348,0,0,1.0000,1280,0,nan,0,720,nan,1280,720,nan,36
349,-39,-44,0.9818,1280,0,nan,0,720,nan,1280,720,nan,36
350,16,-48,0.9673,1280,0,nan,0,720,nan,1280,720,nan,36
351,-44,-47,0.9646,1280,0,nan,0,720,nan,1280,720,nan,35
352,-29,-49,0.9955,1280,0,nan,0,720,nan,1280,720,nan,36
353,0,0,1.0000,1280,0,nan,0,720,nan,1280,720,nan,37
354,0,0,1.0000,1280,0,nan,0,720,nan,1280,720,nan,44
355,0,0,1.0000,1280,0,nan,0,720,nan,1280,720,nan,57
356,0,0,1.0000,1280,0,nan,0,720,nan,1280,720,nan,36
357,0,0,1.0000,1280,0,nan,0,720,nan,1280,720,nan,36
358,0,0,1.0000,1280,0,nan,0,720,nan,1280,720,nan,36
359,0,0,1.0000,1280,0,nan,0,720,nan,1280,720,nan,38
360,0,0,1.0000,1280,0,nan,0,720,nan,1280,720,nan,36
361,0,0,1.0000,1280,0,nan,0,720,nan,1280,720,nan,36
362,0,0,1.0000,1280,0,nan,0,720,nan,1280,720,nan,36
363,0,0,1.0000,1280,0,nan,0,720,nan,1280,720,nan,37
364,0,0,1.0000,1280,0,nan,0,720,nan,1280,720,nan,37
365,0,0,1.0000,1280,0,nan,0,720,nan,1280,720,nan,36
366,0,0,1.0000,1280,0,nan,0,720,nan,1280,720,nan,36
367,0,0,1.0000,1280,0,nan,0,720,nan,1280,720,nan,36
368,0,0,1.0000,1280,0,nan,0,720,nan,1280,720,nan,37
369,0,0,1.0000,1280,0,nan,0,720,nan,1280,720,nan,39
370,0,0,1.0000,1280,0,nan,0,720,nan,1280,720,nan,40
371,0,0,1.0000,1280,0,nan,0,720,nan,1280,720,nan,37
372,0,0,1.0000,1280,0,nan,0,720,nan,1280,720,nan,36
373,0,0,1.0000,1280,0,nan,0,720,nan,1280,720,nan,37
374,0,0,1.0000,1280,0,nan,0,720,nan,1280,720,nan,37
375,0,0,1.0000,1280,0,nan,0,720,nan,1280,720,nan,37
376,0,0,1.0000,1280,0,nan,0,720,nan,1280,720,nan,36
377,0,0,1.0000,1280,0,nan,0,720,nan,1280,720,nan,36
378,0,0,1.0000,1280,0,nan,0,720,nan,1280,720,nan,36
379,-47,-48,0.9518,1280,0,nan,0,720,nan,1280,720,nan,35
380,0,0,1.0000,1280,0,nan,0,720,nan,1280,720,nan,65
381,0,0,1.0000,1280,0,nan,0,720,nan,1280,720,nan,36
382,0,0,1.0000,1280,0,nan,0,720,nan,1280,720,nan,41
383,0,0,1.0000,1280,0,nan,0,720,nan,1280,720,nan,37
384,0,0,1.0000,1280,0,nan,0,720,nan,1280,720,nan,36
385,0,0,1.0000,1280,0,nan,0,720,nan,1280,720,nan,36
386,0,0,1.0000,1280,0,nan,0,720,nan,1280,720,nan,36
387,0,0,1.0000,1280,0,nan,0,720,nan,1280,720,nan,36
388,0,0,1.0000,1280,0,nan,0,720,nan,1280,720,nan,36
389,0,0,1.0000,1280,0,nan,0,720,nan,1280,720,nan,36
390,0,0,1.0000,1280,0,nan,0,720,nan,1280,720,nan,36
391,0,0,1.0000,1280,0,nan,0,720,nan,1280,720,nan,36
392,0,0,1.0000,1280,0,nan,0,720,nan,1280,720,nan,36
393,0,0,1.0000,1280,0,nan,0,720,nan,1280,720,nan,36
394,0,0,1.0000,1280,0,nan,0,720,nan,1280,720,nan,36
395,0,0,1.0000,1280,0,nan,0,720,nan,1280,720,nan,36
396,0,0,1.0000,1280,0,nan,0,720,nan,1280,720,nan,36
397,0,0,1.0000,1280,0,nan,0,720,nan,1280,720,nan,36
398,0,0,1.0000,1280,0,nan,0,720,nan,1280,720,nan,36
399,0,0,1.0000,1280,0,nan,0,720,nan,1280,720,nan,36
400,0,0,1.0000,1280,0,nan,0,720,nan,1280,720,nan,36
401,0,0,1.0000,1280,0,nan,0,720,nan,1280,720,nan,36
402,0,0,1.0000,1280,0,nan,0,720,nan,1280,720,nan,36
403,0,0,1.0000,1280,0,nan,0,720,nan,1280,720,nan,36
404,0,0,1.0000,1280,0,nan,0,720,nan,1280,720,nan,36
405,0,0,1.0000,1280,0,nan,0,720,nan,1280,720,nan,36
406,0,0,1.0000,1280,0,nan,0,720,nan,1280,720,nan,36
407,0,0,1.0000,1280,0,nan,0,720,nan,1280,720,nan,36
408,0,0,1.0000,1280,0,nan,0,720,nan,1280,720,nan,36
409,0,0,1.0000,1280,0,nan,0,720,nan,1280,720,nan,36
410,0,0,0.9931,1280,0,nan,0,720,nan,1280,720,nan,36
411,0,0,0.9862,1280,0,nan,0,720,nan,1280,720,nan,36
412,0,0,1.0000,1280,0,nan,0,720,nan,1280,720,nan,36
413,0,0,0.9931,1280,0,nan,0,720,nan,1280,720,nan,36
414,0,0,1.0000,1280,0,nan,0,720,nan,1280,720,nan,37
415,0,0,1.0000,1280,0,nan,0,720,nan,1280,720,nan,36
416,0,0,1.0000,1280,0,nan,0,720,nan,1280,720,nan,36
417,0,0,1.0000,1280,0,nan,0,720,nan,1280,720,nan,36
418,0,0,1.0000,1280,0,nan,0,720,nan,1280,720,nan,36
419,0,0,1.0000,1280,0,nan,0,720,nan,1280,720,nan,36
420,0,0,1.0000,1280,0,nan,0,720,nan,1280,720,nan,36
421,0,0,1.0000,1280,0,nan,0,720,nan,1280,720,nan,36
422,0,0,1.0000,1280,0,nan,0,720,nan,1280,720,nan,36
423,0,0,1.0000,1280,0,nan,0,720,nan,1280,720,nan,36
424,0,0,1.0000,1280,0,nan,0,720,nan,1280,720,nan,36
425,0,0,1.0000,1280,0,nan,0,720,nan,1280,720,nan,36
426,0,0,1.0000,1280,0,nan,0,720,nan,1280,720,nan,36
427,0,0,1.0000,1280,0,nan,0,720,nan,1280,720,nan,36
428,0,0,1.0000,1280,0,nan,0,720,nan,1280,720,nan,36
429,0,0,1.0000,1280,0,nan,0,720,nan,1280,720,nan,36
430,0,0,1.0000,1280,0,nan,0,720,nan,1280,720,nan,36
431,0,0,1.0000,1280,0,nan,0,720,nan,1280,720,nan,36
432,0,0,1.0000,1280,0,nan,0,720,nan,1280,720,nan,36
433,0,0,1.0000,1280,0,nan,0,720,nan,1280,720,nan,36
434,0,0,1.0000,1280,0,nan,0,720,nan,1280,720,nan,36
435,0,0,1.0000,1280,0,nan,0,720,nan,1280,720,nan,36
436,0,0,1.0000,1280,0,nan,0,720,nan,1280,720,nan,36
437,0,0,1.0000,1280,0,nan,0,720,nan,1280,720,nan,36
438,0,0,1.0000,1280,0,nan,0,720,nan,1280,720,nan,36
439,0,0,1.0000,1280,0,nan,0,720,nan,1280,720,nan,36
440,0,0,1.0000,1280,0,nan,0,720,nan,1280,720,nan,36
441,0,0,1.0000,1280,0,nan,0,720,nan,1280,720,nan,36
442,0,0,1.0000,1280,0,nan,0,720,nan,1280,720,nan,36
443,0,0,1.0000,1280,0,nan,0,720,nan,1280,720,nan,36
444,0,0,1.0000,1280,0,nan,0,720,nan,1280,720,nan,36
445,0,0,1.0000,1280,0,nan,0,720,nan,1280,720,nan,36
446,0,0,1.0000,1280,0,nan,0,720,nan,1280,720,nan,36
447,0,0,1.0000,1280,0,nan,0,720,nan,1280,720,nan,36
448,0,0,1.0000,1280,0,nan,0,720,nan,1280,720,nan,36
449,0,0,1.0000,1280,0,nan,0,720,nan,1280,720,nan,36
450,0,0,1.0000,1280,0,nan,0,720,nan,1280,720,nan,36
451,0,0,1.0000,1280,0,nan,0,720,nan,1280,720,nan,36
452,0,0,1.0000,1280,0,nan,0,720,nan,1280,720,nan,36
453,0,0,1.0000,1280,0,nan,0,720,nan,1280,720,nan,36
454,0,0,1.0000,1280,0,nan,0,720,nan,1280,720,nan,36
455,0,0,1.0000,1280,0,nan,0,720,nan,1280,720,nan,36
456,0,0,1.0000,1280,0,nan,0,720,nan,1280,720,nan,36
457,0,0,1.0000,1280,0,nan,0,720,nan,1280,720,nan,36
458,0,0,1.0000,1280,0,nan,0,720,nan,1280,720,nan,36
459,0,0,1.0000,1280,0,nan,0,720,nan,1280,720,nan,36
460,0,0,1.0000,1280,0,nan,0,720,nan,1280,720,nan,36
461,0,0,1.0000,1280,0,nan,0,720,nan,1280,720,nan,36
462,0,0,1.0000,1280,0,nan,0,720,nan,1280,720,nan,36
463,0,0,1.0000,1280,0,nan,0,720,nan,1280,720,nan,36
464,0,0,1.0000,1280,0,nan,0,720,nan,1280,720,nan,36
465,0,0,1.0000,1280,0,nan,0,720,nan,1280,720,nan,36
466,0,0,1.0000,1280,0,nan,0,720,nan,1280,720,nan,36
467,0,0,1.0000,1280,0,nan,0,720,nan,1280,720,nan,36
468,0,0,1.0000,1280,0,nan,0,720,nan,1280,720,nan,36
469,0,0,1.0000,1280,0,nan,0,720,nan,1280,720,nan,36
470,0,0,1.0000,1280,0,nan,0,720,nan,1280,720,nan,36
471,0,0,1.0000,1280,0,nan,0,720,nan,1280,720,nan,36
472,0,0,1.0000,1280,0,nan,0,720,nan,1280,720,nan,36
473,0,0,1.0000,1280,0,nan,0,720,nan,1280,720,nan,36
474,0,0,1.0000,1280,0,nan,0,720,nan,1280,720,nan,36
475,0,0,1.0000,1280,0,nan,0,720,nan,1280,720,nan,36
476,0,0,1.0000,1280,0,nan,0,720,nan,1280,720,nan,36
477,0,0,1.0000,1280,0,nan,0,720,nan,1280,720,nan,36
478,0,0,1.0000,1280,0,nan,0,720,nan,1280,720,nan,36
479,0,0,1.0000,1280,0,nan,0,720,nan,1280,720,nan,36
480,0,0,1.0000,1280,0,nan,0,720,nan,1280,720,nan,36
481,0,0,1.0000,1280,0,nan,0,720,nan,1280,720,nan,36
482,0,0,1.0000,1280,0,nan,0,720,nan,1280,720,nan,36
483,0,0,1.0000,1280,0,nan,0,720,nan,1280,720,nan,37
484,0,0,1.0000,1280,0,nan,0,720,nan,1280,720,nan,36
485,0,0,1.0000,1280,0,nan,0,720,nan,1280,720,nan,36
486,0,0,1.0000,1280,0,nan,0,720,nan,1280,720,nan,36
487,0,0,1.0000,1280,0,nan,0,720,nan,1280,720,nan,36
488,0,0,1.0000,1280,0,nan,0,720,nan,1280,720,nan,36
489,0,0,1.0000,1280,0,nan,0,720,nan,1280,720,nan,36
490,0,0,1.0000,1280,0,nan,0,720,nan,1280,720,nan,36
491,0,0,1.0000,1280,0,nan,0,720,nan,1280,720,nan,36
492,0,0,1.0000,1280,0,nan,0,720,nan,1280,720,nan,36
493,0,0,1.0000,1280,0,nan,0,720,nan,1280,720,nan,36
494,0,0,1.0000,1280,0,nan,0,720,nan,1280,720,nan,36
495,0,0,1.0000,1280,0,nan,0,720,nan,1280,720,nan,36
496,0,0,1.0000,1280,0,nan,0,720,nan,1280,720,nan,36
497,0,0,1.0000,1280,0,nan,0,720,nan,1280,720,nan,36
498,0,0,1.0000,1280,0,nan,0,720,nan,1280,720,nan,36
499,0,0,1.0000,1280,0,nan,0,720,nan,1280,720,nan,36
500,0,0,1.0000,1280,0,nan,0,720,nan,1280,720,nan,36
501,0,0,1.0000,1280,0,nan,0,720,nan,1280,720,nan,36
502,0,0,1.0000,1280,0,nan,0,720,nan,1280,720,nan,36
503,0,0,1.0000,1280,0,nan,0,720,nan,1280,720,nan,36
504,0,0,1.0000,1280,0,nan,0,720,nan,1280,720,nan,36
505,0,0,1.0000,1280,0,nan,0,720,nan,1280,720,nan,36
506,0,0,1.0000,1280,0,nan,0,720,nan,1280,720,nan,36
507,0,0,1.0000,1280,0,nan,0,720,nan,1280,720,nan,36
508,0,0,1.0000,1280,0,nan,0,720,nan,1280,720,nan,36
509,0,0,1.0000,1280,0,nan,0,720,nan,1280,720,nan,36
510,0,0,1.0000,1280,0,nan,0,720,nan,1280,720,nan,36
511,0,0,1.0000,1280,0,nan,0,720,nan,1280,720,nan,36
512,0,0,1.0000,1280,0,nan,0,720,nan,1280,720,nan,36
513,0,0,1.0000,1280,0,nan,0,720,nan,1280,720,nan,36
514,0,0,1.0000,1280,0,nan,0,720,nan,1280,720,nan,36
515,0,0,1.0000,1280,0,nan,0,720,nan,1280,720,nan,36
516,0,0,1.0000,1280,0,nan,0,720,nan,1280,720,nan,36
517,0,0,1.0000,1280,0,nan,0,720,nan,1280,720,nan,36
518,0,0,1.0000,1280,0,nan,0,720,nan,1280,720,nan,36
519,0,0,1.0000,1280,0,nan,0,720,nan,1280,720,nan,36
520,0,0,1.0000,1280,0,nan,0,720,nan,1280,720,nan,36
521,0,0,1.0000,1280,0,nan,0,720,nan,1280,720,nan,36
522,0,0,1.0000,1280,0,nan,0,720,nan,1280,720,nan,38
523,0,0,1.0000,1280,0,nan,0,720,nan,1280,720,nan,36
524,0,0,1.0000,1280,0,nan,0,720,nan,1280,720,nan,36
525,0,0,1.0000,1280,0,nan,0,720,nan,1280,720,nan,36
526,0,0,1.0000,1280,0,nan,0,720,nan,1280,720,nan,36
527,0,0,1.0000,1280,0,nan,0,720,nan,1280,720,nan,36
528,0,0,1.0000,1280,0,nan,0,720,nan,1280,720,nan,36
529,0,0,1.0000,1280,0,nan,0,720,nan,1280,720,nan,36
530,0,0,1.0000,1280,0,nan,0,720,nan,1280,720,nan,36
531,0,0,1.0000,1280,0,nan,0,720,nan,1280,720,nan,36
532,0,0,1.0000,1280,0,nan,0,720,nan,1280,720,nan,36
533,0,0,1.0000,1280,0,nan,0,720,nan,1280,720,nan,36
534,0,0,1.0000,1280,0,nan,0,720,nan,1280,720,nan,36
535,0,0,1.0000,1280,0,nan,0,720,nan,1280,720,nan,36
536,0,0,1.0000,1280,0,nan,0,720,nan,1280,720,nan,36
537,0,0,1.0000,1280,0,nan,0,720,nan,1280,720,nan,52
538,0,0,1.0000,1280,0,nan,0,720,nan,1280,720,nan,44
539,0,0,1.0000,1280,0,nan,0,720,nan,1280,720,nan,38
540,0,0,1.0000,1280,0,nan,0,720,nan,1280,720,nan,40
541,0,0,1.0000,1280,0,nan,0,720,nan,1280,720,nan,36
542,0,0,1.0000,1280,0,nan,0,720,nan,1280,720,nan,36
543,0,0,1.0000,1280,0,nan,0,720,nan,1280,720,nan,36
544,0,0,1.0000,1280,0,nan,0,720,nan,1280,720,nan,37
545,0,0,1.0000,1280,0,nan,0,720,nan,1280,720,nan,36
546,0,0,1.0000,1280,0,nan,0,720,nan,1280,720,nan,36
547,0,0,1.0000,1280,0,nan,0,720,nan,1280,720,nan,36
548,0,0,1.0000,1280,0,nan,0,720,nan,1280,720,nan,36
549,0,0,1.0000,1280,0,nan,0,720,nan,1280,720,nan,36
550,0,0,1.0000,1280,0,nan,0,720,nan,1280,720,nan,36
551,0,0,1.0000,1280,0,nan,0,720,nan,1280,720,nan,36
552,0,0,1.0000,1280,0,nan,0,720,nan,1280,720,nan,36
553,0,0,1.0000,1280,0,nan,0,720,nan,1280,720,nan,36
554,0,0,1.0000,1280,0,nan,0,720,nan,1280,720,nan,36
555,0,0,1.0000,1280,0,nan,0,720,nan,1280,720,nan,36
556,0,0,1.0000,1280,0,nan,0,720,nan,1280,720,nan,36
557,0,0,1.0000,1280,0,nan,0,720,nan,1280,720,nan,36
558,0,0,1.0000,1280,0,nan,0,720,nan,1280,720,nan,36
559,0,0,1.0000,1280,0,nan,0,720,nan,1280,720,nan,36
560,0,0,1.0000,1280,0,nan,0,720,nan,1280,720,nan,36
561,0,0,1.0000,1280,0,nan,0,720,nan,1280,720,nan,36
562,0,0,1.0000,1280,0,nan,0,720,nan,1280,720,nan,36
563,0,0,1.0000,1280,0,nan,0,720,nan,1280,720,nan,38
564,0,0,1.0000,1280,0,nan,0,720,nan,1280,720,nan,36
565,0,0,1.0000,1280,0,nan,0,720,nan,1280,720,nan,36
566,0,0,1.0000,1280,0,nan,0,720,nan,1280,720,nan,36
567,0,0,1.0000,1280,0,nan,0,720,nan,1280,720,nan,36
568,0,0,1.0000,1280,0,nan,0,720,nan,1280,720,nan,36
569,0,0,1.0000,1280,0,nan,0,720,nan,1280,720,nan,36
570,-50,-4,0.9949,1280,0,nan,0,720,nan,1280,720,nan,36
571,-46,-37,0.9863,1280,0,nan,0,720,nan,1280,720,nan,35
572,-48,-34,0.9725,1280,0,nan,0,720,nan,1280,720,nan,35
573,-46,-28,0.9810,1280,0,nan,0,720,nan,1280,720,nan,35
574,-50,-25,0.9717,1280,0,nan,0,720,nan,1280,720,nan,35
575,-32,-39,0.9908,1280,0,nan,0,720,nan,1280,720,nan,36
576,-48,-39,0.9505,1280,0,nan,0,720,nan,1280,720,nan,35
577,-50,-25,0.9906,1280,0,nan,0,720,nan,1280,720,nan,35
578,0,0,1.0000,1280,0,nan,0,720,nan,1280,720,nan,36
579,0,0,1.0000,1280,0,nan,0,720,nan,1280,720,nan,37
580,0,0,1.0000,1280,0,nan,0,720,nan,1280,720,nan,37
581,0,0,1.0000,1280,0,nan,0,720,nan,1280,720,nan,38
582,0,0,1.0000,1280,0,nan,0,720,nan,1280,720,nan,40
583,0,0,1.0000,1280,0,nan,0,720,nan,1280,720,nan,41
584,0,0,1.0000,1280,0,nan,0,720,nan,1280,720,nan,36
585,0,0,1.0000,1280,0,nan,0,720,nan,1280,720,nan,36
586,0,0,1.0000,1280,0,nan,0,720,nan,1280,720,nan,36
587,0,0,1.0000,1280,0,nan,0,720,nan,1280,720,nan,37
588,0,0,1.0000,1280,0,nan,0,720,nan,1280,720,nan,36
589,0,0,1.0000,1280,0,nan,0,720,nan,1280,720,nan,36
590,0,0,1.0000,1280,0,nan,0,720,nan,1280,720,nan,36
591,0,0,1.0000,1280,0,nan,0,720,nan,1280,720,nan,36
592,0,0,1.0000,1280,0,nan,0,720,nan,1280,720,nan,40
593,0,0,1.0000,1280,0,nan,0,720,nan,1280,720,nan,36
594,0,0,1.0000,1280,0,nan,0,720,nan,1280,720,nan,36
595,0,0,1.0000,1280,0,nan,0,720,nan,1280,720,nan,37
596,0,0,1.0000,1280,0,nan,0,720,nan,1280,720,nan,42
597,0,0,1.0000,1280,0,nan,0,720,nan,1280,720,nan,53
598,0,0,1.0000,1280,0,nan,0,720,nan,1280,720,nan,49
599,0,0,1.0000,1280,0,nan,0,720,nan,1280,720,nan,59
600,0,0,1.0000,1280,0,nan,0,720,nan,1280,720,nan,42
601,0,0,1.0000,1280,0,nan,0,720,nan,1280,720,nan,46
602,0,0,1.0000,1280,0,nan,0,720,nan,1280,720,nan,47
603,0,0,1.0000,1280,0,nan,0,720,nan,1280,720,nan,43
604,0,0,1.0000,1280,0,nan,0,720,nan,1280,720,nan,47
605,0,0,1.0000,1280,0,nan,0,720,nan,1280,720,nan,46
606,0,0,1.0000,1280,0,nan,0,720,nan,1280,720,nan,40
607,0,0,1.0000,1280,0,nan,0,720,nan,1280,720,nan,38
608,0,0,1.0000,1280,0,nan,0,720,nan,1280,720,nan,37
609,0,0,1.0000,1280,0,nan,0,720,nan,1280,720,nan,37
610,0,0,1.0000,1280,0,nan,0,720,nan,1280,720,nan,37
611,0,0,1.0000,1280,0,nan,0,720,nan,1280,720,nan,37
612,0,0,1.0000,1280,0,nan,0,720,nan,1280,720,nan,52
613,-39,-41,0.9954,1280,0,nan,0,720,nan,1280,720,nan,37
614,0,0,1.0000,1280,0,nan,0,720,nan,1280,720,nan,37
615,0,0,1.0000,1280,0,nan,0,720,nan,1280,720,nan,37
616,0,0,1.0000,1280,0,nan,0,720,nan,1280,720,nan,36
617,0,0,1.0000,1280,0,nan,0,720,nan,1280,720,nan,36
618,0,0,1.0000,1280,0,nan,0,720,nan,1280,720,nan,36
619,0,0,1.0000,1280,0,nan,0,720,nan,1280,720,nan,36
620,0,0,1.0000,1280,0,nan,0,720,nan,1280,720,nan,36
621,0,0,1.0000,1280,0,nan,0,720,nan,1280,720,nan,36
622,0,0,1.0000,1280,0,nan,0,720,nan,1280,720,nan,36
623,0,0,1.0000,1280,0,nan,0,720,nan,1280,720,nan,36
624,0,0,1.0000,1280,0,nan,0,720,nan,1280,720,nan,36
625,0,0,1.0000,1280,0,nan,0,720,nan,1280,720,nan,36
626,0,0,1.0000,1280,0,nan,0,720,nan,1280,720,nan,36
627,0,0,1.0000,1280,0,nan,0,720,nan,1280,720,nan,36
628,0,0,1.0000,1280,0,nan,0,720,nan,1280,720,nan,36
629,0,0,1.0000,1280,0,nan,0,720,nan,1280,720,nan,36
630,0,0,1.0000,1280,0,nan,0,720,nan,1280,720,nan,36
631,0,0,1.0000,1280,0,nan,0,720,nan,1280,720,nan,36
632,0,0,1.0000,1280,0,nan,0,720,nan,1280,720,nan,36
633,0,0,1.0000,1280,0,nan,0,720,nan,1280,720,nan,36
634,0,0,1.0000,1280,0,nan,0,720,nan,1280,720,nan,36
635,0,0,1.0000,1280,0,nan,0,720,nan,1280,720,nan,36
636,0,0,1.0000,1280,0,nan,0,720,nan,1280,720,nan,36
637,0,0,1.0000,1280,0,nan,0,720,nan,1280,720,nan,36
638,0,0,1.0000,1280,0,nan,0,720,nan,1280,720,nan,36
639,0,0,1.0000,1280,0,nan,0,720,nan,1280,720,nan,36
640,0,0,1.0000,1280,0,nan,0,720,nan,1280,720,nan,36
641,0,0,1.0000,1280,0,nan,0,720,nan,1280,720,nan,36
642,0,0,1.0000,1280,0,nan,0,720,nan,1280,720,nan,36
643,0,0,1.0000,1280,0,nan,0,720,nan,1280,720,nan,36
644,0,0,1.0000,1280,0,nan,0,720,nan,1280,720,nan,36
645,0,0,1.0000,1280,0,nan,0,720,nan,1280,720,nan,36
646,0,0,1.0000,1280,0,nan,0,720,nan,1280,720,nan,36
647,0,0,1.0000,1280,0,nan,0,720,nan,1280,720,nan,36
648,0,0,1.0000,1280,0,nan,0,720,nan,1280,720,nan,36
649,0,0,1.0000,1280,0,nan,0,720,nan,1280,720,nan,36
650,0,0,1.0000,1280,0,nan,0,720,nan,1280,720,nan,36
651,0,0,1.0000,1280,0,nan,0,720,nan,1280,720,nan,36
652,0,0,1.0000,1280,0,nan,0,720,nan,1280,720,nan,36
653,0,0,1.0000,1280,0,nan,0,720,nan,1280,720,nan,36
654,0,0,1.0000,1280,0,nan,0,720,nan,1280,720,nan,36
655,0,0,1.0000,1280,0,nan,0,720,nan,1280,720,nan,36
656,0,0,1.0000,1280,0,nan,0,720,nan,1280,720,nan,36
657,0,0,1.0000,1280,0,nan,0,720,nan,1280,720,nan,36
658,0,0,1.0000,1280,0,nan,0,720,nan,1280,720,nan,36
659,0,0,1.0000,1280,0,nan,0,720,nan,1280,720,nan,36
660,0,0,1.0000,1280,0,nan,0,720,nan,1280,720,nan,36
661,0,0,1.0000,1280,0,nan,0,720,nan,1280,720,nan,36
662,0,0,1.0000,1280,0,nan,0,720,nan,1280,720,nan,36
663,0,0,1.0000,1280,0,nan,0,720,nan,1280,720,nan,36
664,0,0,1.0000,1280,0,nan,0,720,nan,1280,720,nan,36
665,0,0,1.0000,1280,0,nan,0,720,nan,1280,720,nan,36
666,0,0,1.0000,1280,0,nan,0,720,nan,1280,720,nan,36
667,0,0,1.0000,1280,0,nan,0,720,nan,1280,720,nan,36
668,0,0,1.0000,1280,0,nan,0,720,nan,1280,720,nan,36
669,0,0,1.0000,1280,0,nan,0,720,nan,1280,720,nan,36
670,0,0,1.0000,1280,0,nan,0,720,nan,1280,720,nan,36
671,0,0,1.0000,1280,0,nan,0,720,nan,1280,720,nan,36
672,0,0,1.0000,1280,0,nan,0,720,nan,1280,720,nan,36
673,0,0,1.0000,1280,0,nan,0,720,nan,1280,720,nan,36
674,0,0,1.0000,1280,0,nan,0,720,nan,1280,720,nan,36
675,0,0,1.0000,1280,0,nan,0,720,nan,1280,720,nan,36
676,0,0,1.0000,1280,0,nan,0,720,nan,1280,720,nan,36
677,0,0,1.0000,1280,0,nan,0,720,nan,1280,720,nan,36
678,0,0,1.0000,1280,0,nan,0,720,nan,1280,720,nan,36
679,0,0,1.0000,1280,0,nan,0,720,nan,1280,720,nan,36
680,0,0,1.0000,1280,0,nan,0,720,nan,1280,720,nan,36
681,0,0,1.0000,1280,0,nan,0,720,nan,1280,720,nan,36
682,0,0,1.0000,1280,0,nan,0,720,nan,1280,720,nan,36
683,0,0,1.0000,1280,0,nan,0,720,nan,1280,720,nan,36
684,0,0,1.0000,1280,0,nan,0,720,nan,1280,720,nan,36
685,0,0,1.0000,1280,0,nan,0,720,nan,1280,720,nan,36
686,0,0,1.0000,1280,0,nan,0,720,nan,1280,720,nan,36
687,0,0,1.0000,1280,0,nan,0,720,nan,1280,720,nan,36
688,0,0,1.0000,1280,0,nan,0,720,nan,1280,720,nan,36
689,0,0,1.0000,1280,0,nan,0,720,nan,1280,720,nan,36
690,0,0,1.0000,1280,0,nan,0,720,nan,1280,720,nan,36
691,0,0,1.0000,1280,0,nan,0,720,nan,1280,720,nan,36
692,0,0,1.0000,1280,0,nan,0,720,nan,1280,720,nan,36
693,0,0,1.0000,1280,0,nan,0,720,nan,1280,720,nan,36
694,0,0,1.0000,1280,0,nan,0,720,nan,1280,720,nan,36
695,0,0,1.0000,1280,0,nan,0,720,nan,1280,720,nan,36
696,0,0,1.0000,1280,0,nan,0,720,nan,1280,720,nan,36
697,0,0,1.0000,1280,0,nan,0,720,nan,1280,720,nan,36
698,0,0,1.0000,1280,0,nan,0,720,nan,1280,720,nan,36
699,0,0,1.0000,1280,0,nan,0,720,nan,1280,720,nan,36
700,0,0,1.0000,1280,0,nan,0,720,nan,1280,720,nan,36
701,0,0,1.0000,1280,0,nan,0,720,nan,1280,720,nan,36
702,0,0,1.0000,1280,0,nan,0,720,nan,1280,720,nan,36
703,0,0,1.0000,1280,0,nan,0,720,nan,1280,720,nan,36
704,0,0,1.0000,1280,0,nan,0,720,nan,1280,720,nan,36
705,0,0,1.0000,1280,0,nan,0,720,nan,1280,720,nan,36
706,0,0,1.0000,1280,0,nan,0,720,nan,1280,720,nan,36
707,0,0,1.0000,1280,0,nan,0,720,nan,1280,720,nan,36
708,0,0,1.0000,1280,0,nan,0,720,nan,1280,720,nan,36
709,0,0,1.0000,1280,0,nan,0,720,nan,1280,720,nan,36
710,0,0,1.0000,1280,0,nan,0,720,nan,1280,720,nan,36
711,0,0,1.0000,1280,0,nan,0,720,nan,1280,720,nan,36
712,0,0,1.0000,1280,0,nan,0,720,nan,1280,720,nan,36
713,0,0,1.0000,1280,0,nan,0,720,nan,1280,720,nan,36
714,0,0,1.0000,1280,0,nan,0,720,nan,1280,720,nan,36
715,0,0,1.0000,1280,0,nan,0,720,nan,1280,720,nan,36
716,0,0,1.0000,1280,0,nan,0,720,nan,1280,720,nan,36
717,0,0,1.0000,1280,0,nan,0,720,nan,1280,720,nan,36
718,0,0,1.0000,1280,0,nan,0,720,nan,1280,720,nan,36
719,0,0,1.0000,1280,0,nan,0,720,nan,1280,720,nan,36
720,-30,-31,0.9668,1280,0,nan,0,720,nan,1280,720,nan,35
721,-24,-37,0.9252,1280,0,nan,0,720,nan,1280,720,nan,35
722,-38,-35,0.9439,1280,0,nan,0,720,nan,1280,720,nan,35
723,10,-47,0.9673,1280,0,nan,0,720,nan,1280,720,nan,35
724,12,-35,0.9951,1280,0,nan,0,720,nan,1280,720,nan,35
725,0,0,1.0000,1280,0,nan,0,720,nan,1280,720,nan,36
726,0,0,1.0000,1280,0,nan,0,720,nan,1280,720,nan,36
727,0,0,1.0000,1280,0,nan,0,720,nan,1280,720,nan,36
728,0,0,1.0000,1280,0,nan,0,720,nan,1280,720,nan,36
729,0,0,1.0000,1280,0,nan,0,720,nan,1280,720,nan,36
730,0,0,1.0000,1280,0,nan,0,720,nan,1280,720,nan,36
731,0,0,1.0000,1280,0,nan,0,720,nan,1280,720,nan,36
732,0,0,1.0000,1280,0,nan,0,720,nan,1280,720,nan,36
733,0,0,1.0000,1280,0,nan,0,720,nan,1280,720,nan,36
734,0,0,1.0000,1280,0,nan,0,720,nan,1280,720,nan,36
735,0,0,1.0000,1280,0,nan,0,720,nan,1280,720,nan,36
736,0,0,1.0000,1280,0,nan,0,720,nan,1280,720,nan,36
737,0,0,1.0000,1280,0,nan,0,720,nan,1280,720,nan,36
738,-38,-43,0.9954,1280,0,nan,0,720,nan,1280,720,nan,36
739,0,0,1.0000,1280,0,nan,0,720,nan,1280,720,nan,36
740,0,0,1.0000,1280,0,nan,0,720,nan,1280,720,nan,36
741,0,0,1.0000,1280,0,nan,0,720,nan,1280,720,nan,36
742,-44,-47,0.9912,1280,0,nan,0,720,nan,1280,720,nan,35
743,0,0,1.0000,1280,0,nan,0,720,nan,1280,720,nan,36
744,0,0,1.0000,1280,0,nan,0,720,nan,1280,720,nan,36
745,0,0,1.0000,1280,0,nan,0,720,nan,1280,720,nan,36
746,0,0,1.0000,1280,0,nan,0,720,nan,1280,720,nan,36
747,0,0,1.0000,1280,0,nan,0,720,nan,1280,720,nan,36
748,0,0,1.0000,1280,0,nan,0,720,nan,1280,720,nan,36
749,0,0,1.0000,1280,0,nan,0,720,nan,1280,720,nan,36
750,0,0,1.0000,1280,0,nan,0,720,nan,1280,720,nan,36
751,0,0,1.0000,1280,0,nan,0,720,nan,1280,720,nan,36
752,0,0,1.0000,1280,0,nan,0,720,nan,1280,720,nan,36
753,0,0,1.0000,1280,0,nan,0,720,nan,1280,720,nan,36
754,0,0,1.0000,1280,0,nan,0,720,nan,1280,720,nan,36
755,0,0,1.0000,1280,0,nan,0,720,nan,1280,720,nan,36
756,0,0,1.0000,1280,0,nan,0,720,nan,1280,720,nan,36
757,0,0,1.0000,1280,0,nan,0,720,nan,1280,720,nan,36
758,0,0,1.0000,1280,0,nan,0,720,nan,1280,720,nan,36
759,0,0,1.0000,1280,0,nan,0,720,nan,1280,720,nan,36
760,0,0,1.0000,1280,0,nan,0,720,nan,1280,720,nan,36
761,0,0,1.0000,1280,0,nan,0,720,nan,1280,720,nan,36
762,0,0,1.0000,1280,0,nan,0,720,nan,1280,720,nan,36
763,0,0,1.0000,1280,0,nan,0,720,nan,1280,720,nan,36
764,0,0,1.0000,1280,0,nan,0,720,nan,1280,720,nan,36
765,0,0,1.0000,1280,0,nan,0,720,nan,1280,720,nan,36
766,0,0,1.0000,1280,0,nan,0,720,nan,1280,720,nan,36
767,0,0,1.0000,1280,0,nan,0,720,nan,1280,720,nan,36
768,0,0,1.0000,1280,0,nan,0,720,nan,1280,720,nan,36
769,0,0,1.0000,1280,0,nan,0,720,nan,1280,720,nan,36
770,0,0,1.0000,1280,0,nan,0,720,nan,1280,720,nan,36
771,0,0,1.0000,1280,0,nan,0,720,nan,1280,720,nan,36
772,0,0,1.0000,1280,0,nan,0,720,nan,1280,720,nan,36
773,0,0,1.0000,1280,0,nan,0,720,nan,1280,720,nan,36
774,0,0,1.0000,1280,0,nan,0,720,nan,1280,720,nan,36
775,0,0,1.0000,1280,0,nan,0,720,nan,1280,720,nan,36
776,0,0,1.0000,1280,0,nan,0,720,nan,1280,720,nan,36
777,0,0,1.0000,1280,0,nan,0,720,nan,1280,720,nan,36
778,0,0,1.0000,1280,0,nan,0,720,nan,1280,720,nan,36
779,0,0,1.0000,1280,0,nan,0,720,nan,1280,720,nan,36
780,0,0,1.0000,1280,0,nan,0,720,nan,1280,720,nan,36
781,0,0,1.0000,1280,0,nan,0,720,nan,1280,720,nan,36
782,0,0,1.0000,1280,0,nan,0,720,nan,1280,720,nan,36
783,0,0,0.9931,1280,0,nan,0,720,nan,1280,720,nan,36
784,0,0,0.9931,1280,0,nan,0,720,nan,1280,720,nan,36
785,0,0,0.9655,1280,0,nan,0,720,nan,1280,720,nan,36
786,0,0,1.0000,1280,0,nan,0,720,nan,1280,720,nan,36
787,0,0,1.0000,1280,0,nan,0,720,nan,1280,720,nan,36
788,0,0,1.0000,1280,0,nan,0,720,nan,1280,720,nan,37
789,0,0,1.0000,1280,0,nan,0,720,nan,1280,720,nan,38
790,0,0,1.0000,1280,0,nan,0,720,nan,1280,720,nan,36
791,0,0,1.0000,1280,0,nan,0,720,nan,1280,720,nan,37
792,0,0,1.0000,1280,0,nan,0,720,nan,1280,720,nan,36
793,0,0,1.0000,1280,0,nan,0,720,nan,1280,720,nan,36
794,0,0,1.0000,1280,0,nan,0,720,nan,1280,720,nan,36
795,0,0,1.0000,1280,0,nan,0,720,nan,1280,720,nan,36
796,0,0,1.0000,1280,0,nan,0,720,nan,1280,720,nan,37
797,0,0,1.0000,1280,0,nan,0,720,nan,1280,720,nan,36
798,0,0,1.0000,1280,0,nan,0,720,nan,1280,720,nan,36
799,0,0,1.0000,1280,0,nan,0,720,nan,1280,720,nan,36
800,0,0,1.0000,1280,0,nan,0,720,nan,1280,720,nan,37
801,0,0,1.0000,1280,0,nan,0,720,nan,1280,720,nan,37
802,0,0,1.0000,1280,0,nan,0,720,nan,1280,720,nan,36
803,0,0,1.0000,1280,0,nan,0,720,nan,1280,720,nan,36
804,0,0,1.0000,1280,0,nan,0,720,nan,1280,720,nan,36
805,0,0,1.0000,1280,0,nan,0,720,nan,1280,720,nan,36
806,0,0,1.0000,1280,0,nan,0,720,nan,1280,720,nan,40
807,0,0,1.0000,1280,0,nan,0,720,nan,1280,720,nan,37
808,0,0,1.0000,1280,0,nan,0,720,nan,1280,720,nan,37
809,0,0,1.0000,1280,0,nan,0,720,nan,1280,720,nan,38
810,0,0,1.0000,1280,0,nan,0,720,nan,1280,720,nan,37
811,0,0,1.0000,1280,0,nan,0,720,nan,1280,720,nan,36
812,0,0,1.0000,1280,0,nan,0,720,nan,1280,720,nan,36
813,0,0,1.0000,1280,0,nan,0,720,nan,1280,720,nan,36
814,0,0,1.0000,1280,0,nan,0,720,nan,1280,720,nan,36
815,0,0,1.0000,1280,0,nan,0,720,nan,1280,720,nan,36
816,0,0,1.0000,1280,0,nan,0,720,nan,1280,720,nan,65
817,0,0,1.0000,1280,0,nan,0,720,nan,1280,720,nan,45
818,0,0,1.0000,1280,0,nan,0,720,nan,1280,720,nan,54
819,0,0,1.0000,1280,0,nan,0,720,nan,1280,720,nan,37
820,0,0,1.0000,1280,0,nan,0,720,nan,1280,720,nan,37
821,0,0,1.0000,1280,0,nan,0,720,nan,1280,720,nan,38
822,0,0,1.0000,1280,0,nan,0,720,nan,1280,720,nan,36
823,0,0,1.0000,1280,0,nan,0,720,nan,1280,720,nan,36
824,0,0,1.0000,1280,0,nan,0,720,nan,1280,720,nan,36
825,0,0,1.0000,1280,0,nan,0,720,nan,1280,720,nan,36
826,0,0,1.0000,1280,0,nan,0,720,nan,1280,720,nan,36
827,0,0,1.0000,1280,0,nan,0,720,nan,1280,720,nan,36
828,0,0,1.0000,1280,0,nan,0,720,nan,1280,720,nan,37
829,0,0,1.0000,1280,0,nan,0,720,nan,1280,720,nan,36
830,0,0,1.0000,1280,0,nan,0,720,nan,1280,720,nan,36
831,0,0,1.0000,1280,0,nan,0,720,nan,1280,720,nan,36
832,0,0,1.0000,1280,0,nan,0,720,nan,1280,720,nan,36
833,0,0,1.0000,1280,0,nan,0,720,nan,1280,720,nan,36
834,0,0,1.0000,1280,0,nan,0,720,nan,1280,720,nan,36
835,0,0,1.0000,1280,0,nan,0,720,nan,1280,720,nan,36
836,0,0,1.0000,1280,0,nan,0,720,nan,1280,720,nan,36
837,0,0,1.0000,1280,0,nan,0,720,nan,1280,720,nan,36
838,0,0,1.0000,1280,0,nan,0,720,nan,1280,720,nan,36
839,0,0,1.0000,1280,0,nan,0,720,nan,1280,720,nan,36
840,0,0,1.0000,1280,0,nan,0,720,nan,1280,720,nan,36
841,0,0,1.0000,1280,0,nan,0,720,nan,1280,720,nan,36
842,0,0,1.0000,1280,0,nan,0,720,nan,1280,720,nan,36
843,0,0,1.0000,1280,0,nan,0,720,nan,1280,720,nan,36
844,0,0,1.0000,1280,0,nan,0,720,nan,1280,720,nan,36
845,0,0,1.0000,1280,0,nan,0,720,nan,1280,720,nan,36
846,0,0,1.0000,1280,0,nan,0,720,nan,1280,720,nan,36
847,0,0,1.0000,1280,0,nan,0,720,nan,1280,720,nan,36
848,0,0,1.0000,1280,0,nan,0,720,nan,1280,720,nan,36
849,0,0,1.0000,1280,0,nan,0,720,nan,1280,720,nan,36
850,0,0,1.0000,1280,0,nan,0,720,nan,1280,720,nan,36
851,0,0,1.0000,1280,0,nan,0,720,nan,1280,720,nan,36
852,0,0,1.0000,1280,0,nan,0,720,nan,1280,720,nan,36
853,0,0,1.0000,1280,0,nan,0,720,nan,1280,720,nan,36
854,0,0,1.0000,1280,0,nan,0,720,nan,1280,720,nan,36
855,0,0,1.0000,1280,0,nan,0,720,nan,1280,720,nan,36
856,0,0,1.0000,1280,0,nan,0,720,nan,1280,720,nan,36
857,0,0,1.0000,1280,0,nan,0,720,nan,1280,720,nan,36
858,0,0,1.0000,1280,0,nan,0,720,nan,1280,720,nan,36
859,0,0,1.0000,1280,0,nan,0,720,nan,1280,720,nan,36
860,0,0,1.0000,1280,0,nan,0,720,nan,1280,720,nan,36
861,0,0,1.0000,1280,0,nan,0,720,nan,1280,720,nan,36
862,0,0,1.0000,1280,0,nan,0,720,nan,1280,720,nan,36
863,0,0,1.0000,1280,0,nan,0,720,nan,1280,720,nan,36
864,0,0,1.0000,1280,0,nan,0,720,nan,1280,720,nan,36
865,0,0,1.0000,1280,0,nan,0,720,nan,1280,720,nan,36
866,0,0,1.0000,1280,0,nan,0,720,nan,1280,720,nan,36
867,0,0,1.0000,1280,0,nan,0,720,nan,1280,720,nan,36
868,0,0,1.0000,1280,0,nan,0,720,nan,1280,720,nan,36
869,0,0,1.0000,1280,0,nan,0,720,nan,1280,720,nan,36
870,0,0,1.0000,1280,0,nan,0,720,nan,1280,720,nan,36
871,0,0,1.0000,1280,0,nan,0,720,nan,1280,720,nan,36
872,0,0,1.0000,1280,0,nan,0,720,nan,1280,720,nan,36
873,0,0,1.0000,1280,0,nan,0,720,nan,1280,720,nan,36
874,0,0,1.0000,1280,0,nan,0,720,nan,1280,720,nan,36
875,0,0,1.0000,1280,0,nan,0,720,nan,1280,720,nan,36
876,0,0,1.0000,1280,0,nan,0,720,nan,1280,720,nan,36
877,0,0,1.0000,1280,0,nan,0,720,nan,1280,720,nan,36
878,0,0,1.0000,1280,0,nan,0,720,nan,1280,720,nan,36
879,0,0,1.0000,1280,0,nan,0,720,nan,1280,720,nan,36
880,0,0,1.0000,1280,0,nan,0,720,nan,1280,720,nan,36
881,0,0,1.0000,1280,0,nan,0,720,nan,1280,720,nan,36
882,0,0,1.0000,1280,0,nan,0,720,nan,1280,720,nan,36
883,0,0,1.0000,1280,0,nan,0,720,nan,1280,720,nan,36
884,0,0,1.0000,1280,0,nan,0,720,nan,1280,720,nan,36
885,0,0,1.0000,1280,0,nan,0,720,nan,1280,720,nan,36
886,0,0,1.0000,1280,0,nan,0,720,nan,1280,720,nan,36
887,0,0,1.0000,1280,0,nan,0,720,nan,1280,720,nan,36
888,0,0,1.0000,1280,0,nan,0,720,nan,1280,720,nan,36
889,0,0,1.0000,1280,0,nan,0,720,nan,1280,720,nan,36
890,0,0,1.0000,1280,0,nan,0,720,nan,1280,720,nan,36
891,0,0,1.0000,1280,0,nan,0,720,nan,1280,720,nan,36
892,0,0,1.0000,1280,0,nan,0,720,nan,1280,720,nan,36
893,0,0,1.0000,1280,0,nan,0,720,nan,1280,720,nan,36
894,0,0,1.0000,1280,0,nan,0,720,nan,1280,720,nan,36
895,0,0,1.0000,1280,0,nan,0,720,nan,1280,720,nan,36
896,0,0,1.0000,1280,0,nan,0,720,nan,1280,720,nan,36
897,0,0,1.0000,1280,0,nan,0,720,nan,1280,720,nan,36
898,0,0,1.0000,1280,0,nan,0,720,nan,1280,720,nan,36
899,0,0,1.0000,1280,0,nan,0,720,nan,1280,720,nan,36
900,0,0,1.0000,1280,0,nan,0,720,nan,1280,720,nan,36
901,0,0,1.0000,1280,0,nan,0,720,nan,1280,720,nan,36
902,0,0,1.0000,1280,0,nan,0,720,nan,1280,720,nan,36
903,0,0,1.0000,1280,0,nan,0,720,nan,1280,720,nan,36
904,0,0,1.0000,1280,0,nan,0,720,nan,1280,720,nan,36
905,0,0,1.0000,1280,0,nan,0,720,nan,1280,720,nan,36
906,0,0,1.0000,1280,0,nan,0,720,nan,1280,720,nan,36
907,0,0,1.0000,1280,0,nan,0,720,nan,1280,720,nan,36
908,0,0,1.0000,1280,0,nan,0,720,nan,1280,720,nan,36
909,0,0,1.0000,1280,0,nan,0,720,nan,1280,720,nan,36
910,0,0,1.0000,1280,0,nan,0,720,nan,1280,720,nan,36
911,0,0,1.0000,1280,0,nan,0,720,nan,1280,720,nan,36
912,0,0,1.0000,1280,0,nan,0,720,nan,1280,720,nan,36
913,0,0,1.0000,1280,0,nan,0,720,nan,1280,720,nan,36
914,0,0,1.0000,1280,0,nan,0,720,nan,1280,720,nan,36
915,0,0,1.0000,1280,0,nan,0,720,nan,1280,720,nan,36
916,0,0,1.0000,1280,0,nan,0,720,nan,1280,720,nan,36
917,0,0,1.0000,1280,0,nan,0,720,nan,1280,720,nan,36
918,0,0,1.0000,1280,0,nan,0,720,nan,1280,720,nan,36
919,0,0,1.0000,1280,0,nan,0,720,nan,1280,720,nan,36
920,0,0,1.0000,1280,0,nan,0,720,nan,1280,720,nan,36
921,0,0,1.0000,1280,0,nan,0,720,nan,1280,720,nan,36
922,0,0,1.0000,1280,0,nan,0,720,nan,1280,720,nan,36
923,0,0,1.0000,1280,0,nan,0,720,nan,1280,720,nan,36
924,0,0,1.0000,1280,0,nan,0,720,nan,1280,720,nan,36
925,0,0,1.0000,1280,0,nan,0,720,nan,1280,720,nan,36
926,0,0,1.0000,1280,0,nan,0,720,nan,1280,720,nan,36
927,0,0,1.0000,1280,0,nan,0,720,nan,1280,720,nan,36
928,0,0,1.0000,1280,0,nan,0,720,nan,1280,720,nan,36
929,0,0,1.0000,1280,0,nan,0,720,nan,1280,720,nan,36
930,0,0,1.0000,1280,0,nan,0,720,nan,1280,720,nan,36
931,0,0,1.0000,1280,0,nan,0,720,nan,1280,720,nan,36
932,0,0,1.0000,1280,0,nan,0,720,nan,1280,720,nan,36
933,0,0,1.0000,1280,0,nan,0,720,nan,1280,720,nan,36
934,0,0,1.0000,1280,0,nan,0,720,nan,1280,720,nan,36
935,0,0,1.0000,1280,0,nan,0,720,nan,1280,720,nan,36
936,0,0,1.0000,1280,0,nan,0,720,nan,1280,720,nan,36
937,0,0,1.0000,1280,0,nan,0,720,nan,1280,720,nan,36
938,0,0,1.0000,1280,0,nan,0,720,nan,1280,720,nan,36
939,0,0,1.0000,1280,0,nan,0,720,nan,1280,720,nan,36
940,0,0,1.0000,1280,0,nan,0,720,nan,1280,720,nan,36
941,0,0,1.0000,1280,0,nan,0,720,nan,1280,720,nan,36
942,0,0,1.0000,1280,0,nan,0,720,nan,1280,720,nan,36
943,0,0,1.0000,1280,0,nan,0,720,nan,1280,720,nan,36
944,0,0,1.0000,1280,0,nan,0,720,nan,1280,720,nan,36
945,0,0,1.0000,1280,0,nan,0,720,nan,1280,720,nan,36
946,0,0,1.0000,1280,0,nan,0,720,nan,1280,720,nan,36
947,0,0,1.0000,1280,0,nan,0,720,nan,1280,720,nan,36
948,0,0,1.0000,1280,0,nan,0,720,nan,1280,720,nan,36
949,0,0,1.0000,1280,0,nan,0,720,nan,1280,720,nan,36
950,0,0,1.0000,1280,0,nan,0,720,nan,1280,720,nan,36
951,0,0,1.0000,1280,0,nan,0,720,nan,1280,720,nan,36
952,0,0,1.0000,1280,0,nan,0,720,nan,1280,720,nan,36
953,0,0,1.0000,1280,0,nan,0,720,nan,1280,720,nan,36
954,0,0,1.0000,1280,0,nan,0,720,nan,1280,720,nan,36
955,0,0,1.0000,1280,0,nan,0,720,nan,1280,720,nan,36
956,0,0,1.0000,1280,0,nan,0,720,nan,1280,720,nan,36
957,0,0,1.0000,1280,0,nan,0,720,nan,1280,720,nan,36
958,0,0,1.0000,1280,0,nan,0,720,nan,1280,720,nan,36
959,0,0,1.0000,1280,0,nan,0,720,nan,1280,720,nan,36
960,0,0,1.0000,1280,0,nan,0,720,nan,1280,720,nan,36
961,0,0,1.0000,1280,0,nan,0,720,nan,1280,720,nan,36
962,0,0,1.0000,1280,0,nan,0,720,nan,1280,720,nan,36
963,0,0,1.0000,1280,0,nan,0,720,nan,1280,720,nan,36
964,0,0,1.0000,1280,0,nan,0,720,nan,1280,720,nan,36
965,0,0,1.0000,1280,0,nan,0,720,nan,1280,720,nan,36
966,0,0,1.0000,1280,0,nan,0,720,nan,1280,720,nan,36
967,0,0,1.0000,1280,0,nan,0,720,nan,1280,720,nan,36
968,0,0,1.0000,1280,0,nan,0,720,nan,1280,720,nan,37
969,0,0,1.0000,1280,0,nan,0,720,nan,1280,720,nan,36
970,0,0,1.0000,1280,0,nan,0,720,nan,1280,720,nan,36
971,0,0,1.0000,1280,0,nan,0,720,nan,1280,720,nan,41
972,0,0,1.0000,1280,0,nan,0,720,nan,1280,720,nan,36
973,0,0,1.0000,1280,0,nan,0,720,nan,1280,720,nan,36
974,0,0,1.0000,1280,0,nan,0,720,nan,1280,720,nan,36
975,0,0,1.0000,1280,0,nan,0,720,nan,1280,720,nan,36
976,0,0,1.0000,1280,0,nan,0,720,nan,1280,720,nan,36
977,0,0,1.0000,1280,0,nan,0,720,nan,1280,720,nan,36
978,0,0,0.9586,1280,0,nan,0,720,nan,1280,720,nan,36
979,0,0,1.0000,1280,0,nan,0,720,nan,1280,720,nan,36
980,0,0,0.9793,1280,0,nan,0,720,nan,1280,720,nan,36
981,0,0,0.9793,1280,0,nan,0,720,nan,1280,720,nan,36
982,0,0,0.9724,1280,0,nan,0,720,nan,1280,720,nan,36
983,0,0,0.9793,1280,0,nan,0,720,nan,1280,720,nan,36
984,0,0,0.9793,1280,0,nan,0,720,nan,1280,720,nan,36
985,0,0,0.9517,1280,0,nan,0,720,nan,1280,720,nan,36
986,0,0,1.0000,1280,0,nan,0,720,nan,1280,720,nan,36
987,0,0,1.0000,1280,0,nan,0,720,nan,1280,720,nan,36
988,0,0,1.0000,1280,0,nan,0,720,nan,1280,720,nan,36
989,0,0,1.0000,1280,0,nan,0,720,nan,1280,720,nan,36
990,0,0,1.0000,1280,0,nan,0,720,nan,1280,720,nan,36
991,0,0,1.0000,1280,0,nan,0,720,nan,1280,720,nan,36
992,0,0,1.0000,1280,0,nan,0,720,nan,1280,720,nan,36
993,0,0,1.0000,1280,0,nan,0,720,nan,1280,720,nan,36
994,0,0,1.0000,1280,0,nan,0,720,nan,1280,720,nan,36
995,0,0,1.0000,1280,0,nan,0,720,nan,1280,720,nan,36
996,0,0,1.0000,1280,0,nan,0,720,nan,1280,720,nan,36
997,0,0,1.0000,1280,0,nan,0,720,nan,1280,720,nan,36
998,0,0,1.0000,1280,0,nan,0,720,nan,1280,720,nan,36
999,0,0,1.0000,1280,0,nan,0,720,nan,1280,720,nan,36
1000,0,0,1.0000,1280,0,nan,0,720,nan,1280,720,nan,36
1001,0,0,1.0000,1280,0,nan,0,720,nan,1280,720,nan,36
1002,0,0,1.0000,1280,0,nan,0,720,nan,1280,720,nan,36
1003,0,0,1.0000,1280,0,nan,0,720,nan,1280,720,nan,37
1004,0,0,1.0000,1280,0,nan,0,720,nan,1280,720,nan,36
1005,0,0,1.0000,1280,0,nan,0,720,nan,1280,720,nan,36
1006,0,0,1.0000,1280,0,nan,0,720,nan,1280,720,nan,36
1007,0,0,1.0000,1280,0,nan,0,720,nan,1280,720,nan,36
1008,0,0,1.0000,1280,0,nan,0,720,nan,1280,720,nan,36
1009,0,0,1.0000,1280,0,nan,0,720,nan,1280,720,nan,36
1010,0,0,1.0000,1280,0,nan,0,720,nan,1280,720,nan,36
1011,0,0,1.0000,1280,0,nan,0,720,nan,1280,720,nan,36
1012,0,0,1.0000,1280,0,nan,0,720,nan,1280,720,nan,36
1013,0,0,1.0000,1280,0,nan,0,720,nan,1280,720,nan,36
1014,0,0,1.0000,1280,0,nan,0,720,nan,1280,720,nan,36
1015,0,0,1.0000,1280,0,nan,0,720,nan,1280,720,nan,36
1016,0,0,1.0000,1280,0,nan,0,720,nan,1280,720,nan,36
1017,0,0,1.0000,1280,0,nan,0,720,nan,1280,720,nan,36
1018,0,0,1.0000,1280,0,nan,0,720,nan,1280,720,nan,36
1019,0,0,1.0000,1280,0,nan,0,720,nan,1280,720,nan,36
1020,0,0,1.0000,1280,0,nan,0,720,nan,1280,720,nan,37
1021,0,0,1.0000,1280,0,nan,0,720,nan,1280,720,nan,44
1022,0,0,1.0000,1280,0,nan,0,720,nan,1280,720,nan,36
1023,0,0,1.0000,1280,0,nan,0,720,nan,1280,720,nan,36
1024,0,0,1.0000,1280,0,nan,0,720,nan,1280,720,nan,36
1025,0,0,1.0000,1280,0,nan,0,720,nan,1280,720,nan,37
1026,0,0,1.0000,1280,0,nan,0,720,nan,1280,720,nan,36
1027,0,0,1.0000,1280,0,nan,0,720,nan,1280,720,nan,36
1028,0,0,1.0000,1280,0,nan,0,720,nan,1280,720,nan,36
1029,0,0,1.0000,1280,0,nan,0,720,nan,1280,720,nan,36
1030,0,0,1.0000,1280,0,nan,0,720,nan,1280,720,nan,36
1031,-36,-49,0.9955,1280,0,nan,0,720,nan,1280,720,nan,35
1032,0,0,1.0000,1280,0,nan,0,720,nan,1280,720,nan,36
1033,0,0,1.0000,1280,0,nan,0,720,nan,1280,720,nan,36
1034,-37,-49,0.9956,1280,0,nan,0,720,nan,1280,720,nan,36
1035,0,0,1.0000,1280,0,nan,0,720,nan,1280,720,nan,37
1036,0,0,1.0000,1280,0,nan,0,720,nan,1280,720,nan,37
1037,0,0,1.0000,1280,0,nan,0,720,nan,1280,720,nan,73
1038,0,0,1.0000,1280,0,nan,0,720,nan,1280,720,nan,57
1039,0,0,1.0000,1280,0,nan,0,720,nan,1280,720,nan,75
1040,0,0,1.0000,1280,0,nan,0,720,nan,1280,720,nan,49
1041,0,0,1.0000,1280,0,nan,0,720,nan,1280,720,nan,47
1042,0,0,1.0000,1280,0,nan,0,720,nan,1280,720,nan,37
1043,-43,-48,0.9956,1280,0,nan,0,720,nan,1280,720,nan,41
1044,0,0,1.0000,1280,0,nan,0,720,nan,1280,720,nan,37
1045,0,0,1.0000,1280,0,nan,0,720,nan,1280,720,nan,40
1046,0,0,1.0000,1280,0,nan,0,720,nan,1280,720,nan,40
1047,0,0,1.0000,1280,0,nan,0,720,nan,1280,720,nan,38
1048,0,0,1.0000,1280,0,nan,0,720,nan,1280,720,nan,36
1049,0,0,1.0000,1280,0,nan,0,720,nan,1280,720,nan,36
1050,0,0,1.0000,1280,0,nan,0,720,nan,1280,720,nan,53
1051,-38,-49,0.9956,1280,0,nan,0,720,nan,1280,720,nan,37
1052,0,0,1.0000,1280,0,nan,0,720,nan,1280,720,nan,37
1053,0,0,1.0000,1280,0,nan,0,720,nan,1280,720,nan,36
1054,0,0,1.0000,1280,0,nan,0,720,nan,1280,720,nan,37
1055,0,0,1.0000,1280,0,nan,0,720,nan,1280,720,nan,36
1056,0,0,1.0000,1280,0,nan,0,720,nan,1280,720,nan,38
1057,0,0,1.0000,1280,0,nan,0,720,nan,1280,720,nan,36
1058,0,0,1.0000,1280,0,nan,0,720,nan,1280,720,nan,36
1059,0,0,1.0000,1280,0,nan,0,720,nan,1280,720,nan,36
1060,0,0,1.0000,1280,0,nan,0,720,nan,1280,720,nan,36
1061,0,0,1.0000,1280,0,nan,0,720,nan,1280,720,nan,36
1062,0,0,1.0000,1280,0,nan,0,720,nan,1280,720,nan,36
1063,0,0,1.0000,1280,0,nan,0,720,nan,1280,720,nan,36
1064,0,0,1.0000,1280,0,nan,0,720,nan,1280,720,nan,36
1065,0,0,1.0000,1280,0,nan,0,720,nan,1280,720,nan,36
1066,0,0,1.0000,1280,0,nan,0,720,nan,1280,720,nan,36
1067,0,0,1.0000,1280,0,nan,0,720,nan,1280,720,nan,36
1068,0,0,1.0000,1280,0,nan,0,720,nan,1280,720,nan,36
1069,0,0,1.0000,1280,0,nan,0,720,nan,1280,720,nan,36
1070,0,0,1.0000,1280,0,nan,0,720,nan,1280,720,nan,36
1071,0,0,1.0000,1280,0,nan,0,720,nan,1280,720,nan,36
1072,0,0,1.0000,1280,0,nan,0,720,nan,1280,720,nan,36
1073,0,0,1.0000,1280,0,nan,0,720,nan,1280,720,nan,36
1074,0,0,1.0000,1280,0,nan,0,720,nan,1280,720,nan,36
1075,0,0,1.0000,1280,0,nan,0,720,nan,1280,720,nan,36
1076,0,0,1.0000,1280,0,nan,0,720,nan,1280,720,nan,36
1077,0,0,1.0000,1280,0,nan,0,720,nan,1280,720,nan,36
1078,0,0,1.0000,1280,0,nan,0,720,nan,1280,720,nan,36
1079,0,0,1.0000,1280,0,nan,0,720,nan,1280,720,nan,36
1080,0,0,1.0000,1280,0,nan,0,720,nan,1280,720,nan,36
1081,0,0,1.0000,1280,0,nan,0,720,nan,1280,720,nan,36
1082,0,0,1.0000,1280,0,nan,0,720,nan,1280,720,nan,36
1083,0,0,1.0000,1280,0,nan,0,720,nan,1280,720,nan,36
1084,0,0,1.0000,1280,0,nan,0,720,nan,1280,720,nan,36
1085,0,0,1.0000,1280,0,nan,0,720,nan,1280,720,nan,36
1086,0,0,1.0000,1280,0,nan,0,720,nan,1280,720,nan,36
1087,0,0,1.0000,1280,0,nan,0,720,nan,1280,720,nan,36
1088,0,0,1.0000,1280,0,nan,0,720,nan,1280,720,nan,36
1089,0,0,1.0000,1280,0,nan,0,720,nan,1280,720,nan,36
1090,0,0,1.0000,1280,0,nan,0,720,nan,1280,720,nan,36
1091,0,0,1.0000,1280,0,nan,0,720,nan,1280,720,nan,36
1092,0,0,1.0000,1280,0,nan,0,720,nan,1280,720,nan,36
1093,0,0,1.0000,1280,0,nan,0,720,nan,1280,720,nan,36
1094,0,0,1.0000,1280,0,nan,0,720,nan,1280,720,nan,36
1095,0,0,1.0000,1280,0,nan,0,720,nan,1280,720,nan,36
1096,0,0,1.0000,1280,0,nan,0,720,nan,1280,720,nan,36
1097,0,0,1.0000,1280,0,nan,0,720,nan,1280,720,nan,36
1098,0,0,1.0000,1280,0,nan,0,720,nan,1280,720,nan,36
1099,0,0,1.0000,1280,0,nan,0,720,nan,1280,720,nan,36
1100,0,0,1.0000,1280,0,nan,0,720,nan,1280,720,nan,36
1101,0,0,1.0000,1280,0,nan,0,720,nan,1280,720,nan,36
1102,0,0,1.0000,1280,0,nan,0,720,nan,1280,720,nan,36
1103,0,0,1.0000,1280,0,nan,0,720,nan,1280,720,nan,36
1104,0,0,1.0000,1280,0,nan,0,720,nan,1280,720,nan,36
1105,0,0,1.0000,1280,0,nan,0,720,nan,1280,720,nan,36
1106,0,0,1.0000,1280,0,nan,0,720,nan,1280,720,nan,36
1107,0,0,1.0000,1280,0,nan,0,720,nan,1280,720,nan,36
1108,0,0,1.0000,1280,0,nan,0,720,nan,1280,720,nan,36
1109,0,0,1.0000,1280,0,nan,0,720,nan,1280,720,nan,36
1110,0,0,1.0000,1280,0,nan,0,720,nan,1280,720,nan,36
1111,0,0,1.0000,1280,0,nan,0,720,nan,1280,720,nan,36
1112,0,0,1.0000,1280,0,nan,0,720,nan,1280,720,nan,36
1113,0,0,1.0000,1280,0,nan,0,720,nan,1280,720,nan,36
1114,0,0,1.0000,1280,0,nan,0,720,nan,1280,720,nan,36
1115,0,0,1.0000,1280,0,nan,0,720,nan,1280,720,nan,36
1116,0,0,1.0000,1280,0,nan,0,720,nan,1280,720,nan,36
1117,0,0,1.0000,1280,0,nan,0,720,nan,1280,720,nan,36
1118,0,0,1.0000,1280,0,nan,0,720,nan,1280,720,nan,36
1119,0,0,1.0000,1280,0,nan,0,720,nan,1280,720,nan,36
1120,0,0,1.0000,1280,0,nan,0,720,nan,1280,720,nan,36
1121,0,0,1.0000,1280,0,nan,0,720,nan,1280,720,nan,36
1122,0,0,1.0000,1280,0,nan,0,720,nan,1280,720,nan,36
1123,0,0,1.0000,1280,0,nan,0,720,nan,1280,720,nan,36
1124,0,0,1.0000,1280,0,nan,0,720,nan,1280,720,nan,38
1125,0,0,1.0000,1280,0,nan,0,720,nan,1280,720,nan,36
1126,0,0,1.0000,1280,0,nan,0,720,nan,1280,720,nan,39
1127,0,0,1.0000,1280,0,nan,0,720,nan,1280,720,nan,38
1128,0,0,1.0000,1280,0,nan,0,720,nan,1280,720,nan,37
1129,0,0,1.0000,1280,0,nan,0,720,nan,1280,720,nan,36
1130,0,0,1.0000,1280,0,nan,0,720,nan,1280,720,nan,36
1131,0,0,1.0000,1280,0,nan,0,720,nan,1280,720,nan,36
1132,0,0,1.0000,1280,0,nan,0,720,nan,1280,720,nan,36
1133,0,0,1.0000,1280,0,nan,0,720,nan,1280,720,nan,36
1134,0,0,1.0000,1280,0,nan,0,720,nan,1280,720,nan,37
1135,0,0,1.0000,1280,0,nan,0,720,nan,1280,720,nan,36
1136,0,0,1.0000,1280,0,nan,0,720,nan,1280,720,nan,36
1137,0,0,1.0000,1280,0,nan,0,720,nan,1280,720,nan,36
1138,0,0,1.0000,1280,0,nan,0,720,nan,1280,720,nan,36
1139,0,0,1.0000,1280,0,nan,0,720,nan,1280,720,nan,36
1140,0,0,1.0000,1280,0,nan,0,720,nan,1280,720,nan,36
1141,0,0,1.0000,1280,0,nan,0,720,nan,1280,720,nan,36
1142,0,0,1.0000,1280,0,nan,0,720,nan,1280,720,nan,36
1143,0,0,1.0000,1280,0,nan,0,720,nan,1280,720,nan,36
1144,0,0,1.0000,1280,0,nan,0,720,nan,1280,720,nan,36
1145,0,0,1.0000,1280,0,nan,0,720,nan,1280,720,nan,36
1146,0,0,1.0000,1280,0,nan,0,720,nan,1280,720,nan,36
1147,0,0,1.0000,1280,0,nan,0,720,nan,1280,720,nan,36
1148,0,0,1.0000,1280,0,nan,0,720,nan,1280,720,nan,36
1149,0,0,1.0000,1280,0,nan,0,720,nan,1280,720,nan,36
1150,0,0,1.0000,1280,0,nan,0,720,nan,1280,720,nan,36
1151,0,0,1.0000,1280,0,nan,0,720,nan,1280,720,nan,36
1152,0,0,1.0000,1280,0,nan,0,720,nan,1280,720,nan,36
1153,0,0,1.0000,1280,0,nan,0,720,nan,1280,720,nan,36
1154,0,0,1.0000,1280,0,nan,0,720,nan,1280,720,nan,36
1155,0,0,1.0000,1280,0,nan,0,720,nan,1280,720,nan,36
1156,0,0,1.0000,1280,0,nan,0,720,nan,1280,720,nan,36
1157,0,0,1.0000,1280,0,nan,0,720,nan,1280,720,nan,36
1158,0,0,1.0000,1280,0,nan,0,720,nan,1280,720,nan,36
1159,0,0,1.0000,1280,0,nan,0,720,nan,1280,720,nan,36
1160,0,0,1.0000,1280,0,nan,0,720,nan,1280,720,nan,37
1161,0,0,1.0000,1280,0,nan,0,720,nan,1280,720,nan,36
1162,0,0,1.0000,1280,0,nan,0,720,nan,1280,720,nan,36
1163,0,0,1.0000,1280,0,nan,0,720,nan,1280,720,nan,36
1164,0,0,1.0000,1280,0,nan,0,720,nan,1280,720,nan,36
1165,0,0,1.0000,1280,0,nan,0,720,nan,1280,720,nan,36
1166,0,0,1.0000,1280,0,nan,0,720,nan,1280,720,nan,36
1167,0,0,1.0000,1280,0,nan,0,720,nan,1280,720,nan,36
1168,0,0,1.0000,1280,0,nan,0,720,nan,1280,720,nan,36
1169,0,0,1.0000,1280,0,nan,0,720,nan,1280,720,nan,36
1170,0,0,1.0000,1280,0,nan,0,720,nan,1280,720,nan,36
1171,0,0,1.0000,1280,0,nan,0,720,nan,1280,720,nan,36
1172,0,0,1.0000,1280,0,nan,0,720,nan,1280,720,nan,36
1173,0,0,1.0000,1280,0,nan,0,720,nan,1280,720,nan,36
1174,0,0,1.0000,1280,0,nan,0,720,nan,1280,720,nan,36
1175,0,0,1.0000,1280,0,nan,0,720,nan,1280,720,nan,36
1176,0,0,1.0000,1280,0,nan,0,720,nan,1280,720,nan,36
1177,0,0,1.0000,1280,0,nan,0,720,nan,1280,720,nan,36
1178,0,0,1.0000,1280,0,nan,0,720,nan,1280,720,nan,36
1179,0,0,1.0000,1280,0,nan,0,720,nan,1280,720,nan,36
1180,0,0,1.0000,1280,0,nan,0,720,nan,1280,720,nan,36
1181,0,0,1.0000,1280,0,nan,0,720,nan,1280,720,nan,36
1182,0,0,1.0000,1280,0,nan,0,720,nan,1280,720,nan,36
1183,0,0,1.0000,1280,0,nan,0,720,nan,1280,720,nan,36
1184,0,0,1.0000,1280,0,nan,0,720,nan,1280,720,nan,36
1185,0,0,1.0000,1280,0,nan,0,720,nan,1280,720,nan,36
1186,0,0,1.0000,1280,0,nan,0,720,nan,1280,720,nan,36
1187,0,0,1.0000,1280,0,nan,0,720,nan,1280,720,nan,36
1188,0,0,1.0000,1280,0,nan,0,720,nan,1280,720,nan,36
1189,0,0,1.0000,1280,0,nan,0,720,nan,1280,720,nan,36
1190,0,0,1.0000,1280,0,nan,0,720,nan,1280,720,nan,36
1191,0,0,1.0000,1280,0,nan,0,720,nan,1280,720,nan,36
1192,-41,-47,0.9911,1280,0,nan,0,720,nan,1280,720,nan,36
1193,-38,-34,0.9626,1280,0,nan,0,720,nan,1280,720,nan,36
1194,0,0,1.0000,1280,0,nan,0,720,nan,1280,720,nan,36
1195,-39,-35,0.9953,1280,0,nan,0,720,nan,1280,720,nan,35
1196,-36,-32,0.9577,1280,0,nan,0,720,nan,1280,720,nan,35
1197,-42,-33,0.9390,1280,0,nan,0,720,nan,1280,720,nan,35
1198,0,0,1.0000,1280,0,nan,0,720,nan,1280,720,nan,36
1199,0,0,1.0000,1280,0,nan,0,720,nan,1280,720,nan,36
1200,0,0,1.0000,1280,0,nan,0,720,nan,1280,720,nan,36
1201,0,0,1.0000,1280,0,nan,0,720,nan,1280,720,nan,36
1202,0,0,1.0000,1280,0,nan,0,720,nan,1280,720,nan,36
1203,0,0,1.0000,1280,0,nan,0,720,nan,1280,720,nan,36
1204,0,0,1.0000,1280,0,nan,0,720,nan,1280,720,nan,36
1205,0,0,1.0000,1280,0,nan,0,720,nan,1280,720,nan,36
1206,0,0,1.0000,1280,0,nan,0,720,nan,1280,720,nan,36
1207,0,0,1.0000,1280,0,nan,0,720,nan,1280,720,nan,36
1208,0,0,1.0000,1280,0,nan,0,720,nan,1280,720,nan,36
1209,0,0,1.0000,1280,0,nan,0,720,nan,1280,720,nan,36
1210,0,0,1.0000,1280,0,nan,0,720,nan,1280,720,nan,36
1211,0,0,1.0000,1280,0,nan,0,720,nan,1280,720,nan,36
1212,0,0,1.0000,1280,0,nan,0,720,nan,1280,720,nan,36
1213,0,0,1.0000,1280,0,nan,0,720,nan,1280,720,nan,36
1214,0,0,1.0000,1280,0,nan,0,720,nan,1280,720,nan,36
1215,0,0,1.0000,1280,0,nan,0,720,nan,1280,720,nan,36
1216,0,0,1.0000,1280,0,nan,0,720,nan,1280,720,nan,36
1217,0,0,1.0000,1280,0,nan,0,720,nan,1280,720,nan,36
1218,0,0,1.0000,1280,0,nan,0,720,nan,1280,720,nan,36
1219,0,0,1.0000,1280,0,nan,0,720,nan,1280,720,nan,36
1220,0,0,1.0000,1280,0,nan,0,720,nan,1280,720,nan,36
1221,0,0,1.0000,1280,0,nan,0,720,nan,1280,720,nan,36
1222,0,0,1.0000,1280,0,nan,0,720,nan,1280,720,nan,36
1223,0,0,1.0000,1280,0,nan,0,720,nan,1280,720,nan,36
1224,0,0,1.0000,1280,0,nan,0,720,nan,1280,720,nan,36
1225,0,0,1.0000,1280,0,nan,0,720,nan,1280,720,nan,36
1226,0,0,1.0000,1280,0,nan,0,720,nan,1280,720,nan,36
1227,0,0,1.0000,1280,0,nan,0,720,nan,1280,720,nan,36
1228,0,0,1.0000,1280,0,nan,0,720,nan,1280,720,nan,40
1229,0,0,1.0000,1280,0,nan,0,720,nan,1280,720,nan,37
1230,0,0,1.0000,1280,0,nan,0,720,nan,1280,720,nan,36
1231,0,0,1.0000,1280,0,nan,0,720,nan,1280,720,nan,36
1232,0,0,1.0000,1280,0,nan,0,720,nan,1280,720,nan,36
1233,0,0,1.0000,1280,0,nan,0,720,nan,1280,720,nan,36
1234,0,0,1.0000,1280,0,nan,0,720,nan,1280,720,nan,36
1235,0,0,1.0000,1280,0,nan,0,720,nan,1280,720,nan,36
1236,0,0,1.0000,1280,0,nan,0,720,nan,1280,720,nan,36
1237,0,0,1.0000,1280,0,nan,0,720,nan,1280,720,nan,36
1238,0,0,1.0000,1280,0,nan,0,720,nan,1280,720,nan,36
1239,0,0,1.0000,1280,0,nan,0,720,nan,1280,720,nan,36
1240,0,0,1.0000,1280,0,nan,0,720,nan,1280,720,nan,36
1241,0,0,1.0000,1280,0,nan,0,720,nan,1280,720,nan,37
1242,0,0,1.0000,1280,0,nan,0,720,nan,1280,720,nan,37
1243,0,0,1.0000,1280,0,nan,0,720,nan,1280,720,nan,36
1244,0,0,1.0000,1280,0,nan,0,720,nan,1280,720,nan,36
1245,0,0,1.0000,1280,0,nan,0,720,nan,1280,720,nan,36
1246,0,0,0.9724,1280,0,nan,0,720,nan,1280,720,nan,36
1247,0,0,0.9931,1280,0,nan,0,720,nan,1280,720,nan,38
1248,24,-50,0.9766,1280,0,nan,0,720,nan,1280,720,nan,36
1249,0,0,1.0000,1280,0,nan,0,720,nan,1280,720,nan,36
1250,0,0,1.0000,1280,0,nan,0,720,nan,1280,720,nan,36
1251,-50,-34,0.9220,1280,0,nan,0,720,nan,1280,720,nan,36
1252,-39,-27,0.9952,1280,0,nan,0,720,nan,1280,720,nan,35
1253,22,-43,0.9763,1280,0,nan,0,720,nan,1280,720,nan,36
1254,-22,-9,0.9691,1280,0,nan,0,720,nan,1280,720,nan,35
1255,-33,-48,0.9910,1280,0,nan,0,720,nan,1280,720,nan,35
1256,-44,-49,0.9956,1280,0,nan,0,720,nan,1280,720,nan,36
1257,0,0,1.0000,1280,0,nan,0,720,nan,1280,720,nan,36
1258,-40,-50,0.9823,1280,0,nan,0,720,nan,1280,720,nan,41
1259,-30,-35,0.9907,1280,0,nan,0,720,nan,1280,720,nan,56
1260,-21,-47,0.9683,1280,0,nan,0,720,nan,1280,720,nan,36
1261,-11,-48,0.9817,1280,0,nan,0,720,nan,1280,720,nan,36
1262,0,0,1.0000,1280,0,nan,0,720,nan,1280,720,nan,36
1263,0,0,1.0000,1280,0,nan,0,720,nan,1280,720,nan,36
1264,0,0,1.0000,1280,0,nan,0,720,nan,1280,720,nan,36
1265,0,0,1.0000,1280,0,nan,0,720,nan,1280,720,nan,61
1266,0,0,1.0000,1280,0,nan,0,720,nan,1280,720,nan,37
1267,0,0,1.0000,1280,0,nan,0,720,nan,1280,720,nan,36
1268,0,0,1.0000,1280,0,nan,0,720,nan,1280,720,nan,36
1269,0,0,1.0000,1280,0,nan,0,720,nan,1280,720,nan,36
1270,0,0,1.0000,1280,0,nan,0,720,nan,1280,720,nan,36
1271,0,0,1.0000,1280,0,nan,0,720,nan,1280,720,nan,36
1272,0,0,1.0000,1280,0,nan,0,720,nan,1280,720,nan,36
1273,0,0,1.0000,1280,0,nan,0,720,nan,1280,720,nan,36
1274,0,0,1.0000,1280,0,nan,0,720,nan,1280,720,nan,36
1275,0,0,1.0000,1280,0,nan,0,720,nan,1280,720,nan,36
1276,0,0,1.0000,1280,0,nan,0,720,nan,1280,720,nan,36
1277,0,0,1.0000,1280,0,nan,0,720,nan,1280,720,nan,36
1278,0,0,1.0000,1280,0,nan,0,720,nan,1280,720,nan,36
1279,0,0,1.0000,1280,0,nan,0,720,nan,1280,720,nan,36
1280,0,0,1.0000,1280,0,nan,0,720,nan,1280,720,nan,36
1281,0,0,1.0000,1280,0,nan,0,720,nan,1280,720,nan,36
1282,0,0,1.0000,1280,0,nan,0,720,nan,1280,720,nan,36
1283,0,0,1.0000,1280,0,nan,0,720,nan,1280,720,nan,36
1284,0,0,1.0000,1280,0,nan,0,720,nan,1280,720,nan,36
1285,0,0,1.0000,1280,0,nan,0,720,nan,1280,720,nan,36
1286,0,0,1.0000,1280,0,nan,0,720,nan,1280,720,nan,36
1287,0,0,1.0000,1280,0,nan,0,720,nan,1280,720,nan,36
1288,0,0,1.0000,1280,0,nan,0,720,nan,1280,720,nan,36
1289,0,0,1.0000,1280,0,nan,0,720,nan,1280,720,nan,36
1290,0,0,1.0000,1280,0,nan,0,720,nan,1280,720,nan,36
1291,0,0,1.0000,1280,0,nan,0,720,nan,1280,720,nan,36
1292,0,0,1.0000,1280,0,nan,0,720,nan,1280,720,nan,36
1293,0,0,1.0000,1280,0,nan,0,720,nan,1280,720,nan,36
1294,0,0,1.0000,1280,0,nan,0,720,nan,1280,720,nan,36
1295,0,0,1.0000,1280,0,nan,0,720,nan,1280,720,nan,36
1296,0,0,1.0000,1280,0,nan,0,720,nan,1280,720,nan,36
1297,0,0,1.0000,1280,0,nan,0,720,nan,1280,720,nan,36
1298,0,0,1.0000,1280,0,nan,0,720,nan,1280,720,nan,36
1299,0,0,1.0000,1280,0,nan,0,720,nan,1280,720,nan,36
1300,0,0,1.0000,1280,0,nan,0,720,nan,1280,720,nan,36
1301,0,0,1.0000,1280,0,nan,0,720,nan,1280,720,nan,36
1302,0,0,1.0000,1280,0,nan,0,720,nan,1280,720,nan,36
1303,0,0,1.0000,1280,0,nan,0,720,nan,1280,720,nan,36
1304,0,0,1.0000,1280,0,nan,0,720,nan,1280,720,nan,36
1305,0,0,1.0000,1280,0,nan,0,720,nan,1280,720,nan,36
1306,0,0,1.0000,1280,0,nan,0,720,nan,1280,720,nan,36
1307,0,0,1.0000,1280,0,nan,0,720,nan,1280,720,nan,36
1308,0,0,1.0000,1280,0,nan,0,720,nan,1280,720,nan,36
1309,0,0,1.0000,1280,0,nan,0,720,nan,1280,720,nan,36
1310,0,0,1.0000,1280,0,nan,0,720,nan,1280,720,nan,36
1311,0,0,1.0000,1280,0,nan,0,720,nan,1280,720,nan,36
1312,0,0,1.0000,1280,0,nan,0,720,nan,1280,720,nan,36
1313,0,0,1.0000,1280,0,nan,0,720,nan,1280,720,nan,36
1314,0,0,1.0000,1280,0,nan,0,720,nan,1280,720,nan,36
1315,0,0,1.0000,1280,0,nan,0,720,nan,1280,720,nan,36
1316,0,0,1.0000,1280,0,nan,0,720,nan,1280,720,nan,36
1317,0,0,1.0000,1280,0,nan,0,720,nan,1280,720,nan,36
1318,0,0,1.0000,1280,0,nan,0,720,nan,1280,720,nan,36
1319,0,0,1.0000,1280,0,nan,0,720,nan,1280,720,nan,36
1320,0,0,1.0000,1280,0,nan,0,720,nan,1280,720,nan,36
1321,0,0,1.0000,1280,0,nan,0,720,nan,1280,720,nan,36
1322,0,0,1.0000,1280,0,nan,0,720,nan,1280,720,nan,36
1323,0,0,1.0000,1280,0,nan,0,720,nan,1280,720,nan,36
1324,0,0,1.0000,1280,0,nan,0,720,nan,1280,720,nan,36
1325,0,0,1.0000,1280,0,nan,0,720,nan,1280,720,nan,36
1326,0,0,1.0000,1280,0,nan,0,720,nan,1280,720,nan,36
1327,0,0,1.0000,1280,0,nan,0,720,nan,1280,720,nan,36
1328,0,0,1.0000,1280,0,nan,0,720,nan,1280,720,nan,36
1329,0,0,1.0000,1280,0,nan,0,720,nan,1280,720,nan,36
1330,0,0,1.0000,1280,0,nan,0,720,nan,1280,720,nan,36
1331,0,0,1.0000,1280,0,nan,0,720,nan,1280,720,nan,36
1332,0,0,1.0000,1280,0,nan,0,720,nan,1280,720,nan,36
1333,0,0,1.0000,1280,0,nan,0,720,nan,1280,720,nan,36
1334,0,0,1.0000,1280,0,nan,0,720,nan,1280,720,nan,36
1335,0,0,1.0000,1280,0,nan,0,720,nan,1280,720,nan,36
1336,0,0,1.0000,1280,0,nan,0,720,nan,1280,720,nan,36
1337,0,0,1.0000,1280,0,nan,0,720,nan,1280,720,nan,36
1338,0,0,1.0000,1280,0,nan,0,720,nan,1280,720,nan,36
1339,0,0,1.0000,1280,0,nan,0,720,nan,1280,720,nan,36
1340,0,0,1.0000,1280,0,nan,0,720,nan,1280,720,nan,36
1341,0,0,1.0000,1280,0,nan,0,720,nan,1280,720,nan,36
1342,0,0,1.0000,1280,0,nan,0,720,nan,1280,720,nan,36
1343,0,0,1.0000,1280,0,nan,0,720,nan,1280,720,nan,36
1344,0,0,1.0000,1280,0,nan,0,720,nan,1280,720,nan,36
1345,0,0,1.0000,1280,0,nan,0,720,nan,1280,720,nan,36
1346,0,0,1.0000,1280,0,nan,0,720,nan,1280,720,nan,36
1347,0,0,1.0000,1280,0,nan,0,720,nan,1280,720,nan,36
1348,0,0,1.0000,1280,0,nan,0,720,nan,1280,720,nan,36
1349,0,0,1.0000,1280,0,nan,0,720,nan,1280,720,nan,36
1350,0,0,1.0000,1280,0,nan,0,720,nan,1280,720,nan,36
1351,0,0,1.0000,1280,0,nan,0,720,nan,1280,720,nan,36
1352,0,0,1.0000,1280,0,nan,0,720,nan,1280,720,nan,36
1353,0,0,1.0000,1280,0,nan,0,720,nan,1280,720,nan,36
1354,0,0,1.0000,1280,0,nan,0,720,nan,1280,720,nan,36
1355,0,0,1.0000,1280,0,nan,0,720,nan,1280,720,nan,36
1356,0,0,1.0000,1280,0,nan,0,720,nan,1280,720,nan,36
1357,0,0,1.0000,1280,0,nan,0,720,nan,1280,720,nan,36
1358,0,0,1.0000,1280,0,nan,0,720,nan,1280,720,nan,36
1359,0,0,1.0000,1280,0,nan,0,720,nan,1280,720,nan,36
1360,0,0,1.0000,1280,0,nan,0,720,nan,1280,720,nan,36
1361,0,0,1.0000,1280,0,nan,0,720,nan,1280,720,nan,36
1362,0,0,1.0000,1280,0,nan,0,720,nan,1280,720,nan,36
1363,0,0,1.0000,1280,0,nan,0,720,nan,1280,720,nan,36
1364,0,0,1.0000,1280,0,nan,0,720,nan,1280,720,nan,36
1365,0,0,1.0000,1280,0,nan,0,720,nan,1280,720,nan,36
1366,0,0,1.0000,1280,0,nan,0,720,nan,1280,720,nan,36
1367,0,0,1.0000,1280,0,nan,0,720,nan,1280,720,nan,36
1368,0,0,1.0000,1280,0,nan,0,720,nan,1280,720,nan,36
1369,0,0,1.0000,1280,0,nan,0,720,nan,1280,720,nan,36
1370,0,0,1.0000,1280,0,nan,0,720,nan,1280,720,nan,36
1371,0,0,1.0000,1280,0,nan,0,720,nan,1280,720,nan,36
1372,0,0,1.0000,1280,0,nan,0,720,nan,1280,720,nan,36
1373,0,0,1.0000,1280,0,nan,0,720,nan,1280,720,nan,36
1374,0,0,1.0000,1280,0,nan,0,720,nan,1280,720,nan,36
1375,0,0,1.0000,1280,0,nan,0,720,nan,1280,720,nan,36
1376,0,0,1.0000,1280,0,nan,0,720,nan,1280,720,nan,36
1377,0,0,1.0000,1280,0,nan,0,720,nan,1280,720,nan,36
1378,0,0,1.0000,1280,0,nan,0,720,nan,1280,720,nan,36
1379,0,0,1.0000,1280,0,nan,0,720,nan,1280,720,nan,36
1380,0,0,1.0000,1280,0,nan,0,720,nan,1280,720,nan,36
1381,0,0,1.0000,1280,0,nan,0,720,nan,1280,720,nan,36
1382,0,0,1.0000,1280,0,nan,0,720,nan,1280,720,nan,36
1383,0,0,1.0000,1280,0,nan,0,720,nan,1280,720,nan,36
1384,0,0,1.0000,1280,0,nan,0,720,nan,1280,720,nan,36
1385,0,0,1.0000,1280,0,nan,0,720,nan,1280,720,nan,36
1386,0,0,1.0000,1280,0,nan,0,720,nan,1280,720,nan,36
1387,0,0,1.0000,1280,0,nan,0,720,nan,1280,720,nan,36
1388,0,0,1.0000,1280,0,nan,0,720,nan,1280,720,nan,36
1389,0,0,1.0000,1280,0,nan,0,720,nan,1280,720,nan,36
1390,0,0,1.0000,1280,0,nan,0,720,nan,1280,720,nan,36
1391,0,0,1.0000,1280,0,nan,0,720,nan,1280,720,nan,36
1392,0,0,1.0000,1280,0,nan,0,720,nan,1280,720,nan,36
1393,0,0,1.0000,1280,0,nan,0,720,nan,1280,720,nan,36
1394,0,0,1.0000,1280,0,nan,0,720,nan,1280,720,nan,36
1395,0,0,1.0000,1280,0,nan,0,720,nan,1280,720,nan,36
1396,0,0,1.0000,1280,0,nan,0,720,nan,1280,720,nan,36
1397,0,0,1.0000,1280,0,nan,0,720,nan,1280,720,nan,36
1398,0,0,1.0000,1280,0,nan,0,720,nan,1280,720,nan,36
1399,0,0,1.0000,1280,0,nan,0,720,nan,1280,720,nan,36
1400,0,0,1.0000,1280,0,nan,0,720,nan,1280,720,nan,36
1401,0,0,1.0000,1280,0,nan,0,720,nan,1280,720,nan,36
1402,0,0,1.0000,1280,0,nan,0,720,nan,1280,720,nan,36
1403,0,0,1.0000,1280,0,nan,0,720,nan,1280,720,nan,36
1404,0,0,1.0000,1280,0,nan,0,720,nan,1280,720,nan,36
1405,0,0,1.0000,1280,0,nan,0,720,nan,1280,720,nan,36
1406,0,0,1.0000,1280,0,nan,0,720,nan,1280,720,nan,36
1407,0,0,1.0000,1280,0,nan,0,720,nan,1280,720,nan,37
1408,0,0,1.0000,1280,0,nan,0,720,nan,1280,720,nan,38
1409,0,0,1.0000,1280,0,nan,0,720,nan,1280,720,nan,37
1410,0,0,1.0000,1280,0,nan,0,720,nan,1280,720,nan,37
1411,0,0,1.0000,1280,0,nan,0,720,nan,1280,720,nan,36
1412,0,0,1.0000,1280,0,nan,0,720,nan,1280,720,nan,36
1413,0,0,1.0000,1280,0,nan,0,720,nan,1280,720,nan,36
1414,0,0,1.0000,1280,0,nan,0,720,nan,1280,720,nan,36
1415,0,0,1.0000,1280,0,nan,0,720,nan,1280,720,nan,36
1416,0,0,1.0000,1280,0,nan,0,720,nan,1280,720,nan,36
1417,0,0,1.0000,1280,0,nan,0,720,nan,1280,720,nan,36
1418,0,0,1.0000,1280,0,nan,0,720,nan,1280,720,nan,36
1419,0,0,1.0000,1280,0,nan,0,720,nan,1280,720,nan,36
1420,0,0,1.0000,1280,0,nan,0,720,nan,1280,720,nan,36
1421,0,0,1.0000,1280,0,nan,0,720,nan,1280,720,nan,36
1422,0,0,1.0000,1280,0,nan,0,720,nan,1280,720,nan,36
1423,0,0,1.0000,1280,0,nan,0,720,nan,1280,720,nan,36
1424,0,0,1.0000,1280,0,nan,0,720,nan,1280,720,nan,36
1425,0,0,1.0000,1280,0,nan,0,720,nan,1280,720,nan,36
1426,0,0,1.0000,1280,0,nan,0,720,nan,1280,720,nan,36
1427,0,0,1.0000,1280,0,nan,0,720,nan,1280,720,nan,36
1428,0,0,1.0000,1280,0,nan,0,720,nan,1280,720,nan,36
1429,0,0,1.0000,1280,0,nan,0,720,nan,1280,720,nan,36
1430,0,0,1.0000,1280,0,nan,0,720,nan,1280,720,nan,36
1431,0,0,1.0000,1280,0,nan,0,720,nan,1280,720,nan,36
1432,0,0,1.0000,1280,0,nan,0,720,nan,1280,720,nan,36
1433,0,0,1.0000,1280,0,nan,0,720,nan,1280,720,nan,36
1434,0,0,1.0000,1280,0,nan,0,720,nan,1280,720,nan,36
1435,0,0,1.0000,1280,0,nan,0,720,nan,1280,720,nan,36
1436,0,0,1.0000,1280,0,nan,0,720,nan,1280,720,nan,36
1437,0,0,1.0000,1280,0,nan,0,720,nan,1280,720,nan,36
1438,0,0,1.0000,1280,0,nan,0,720,nan,1280,720,nan,36
1439,0,0,1.0000,1280,0,nan,0,720,nan,1280,720,nan,36
1440,0,0,1.0000,1280,0,nan,0,720,nan,1280,720,nan,36
1441,0,0,1.0000,1280,0,nan,0,720,nan,1280,720,nan,36
1442,0,0,1.0000,1280,0,nan,0,720,nan,1280,720,nan,36
1443,0,0,1.0000,1280,0,nan,0,720,nan,1280,720,nan,36
1444,0,0,1.0000,1280,0,nan,0,720,nan,1280,720,nan,36
1445,0,0,1.0000,1280,0,nan,0,720,nan,1280,720,nan,36
1446,0,0,1.0000,1280,0,nan,0,720,nan,1280,720,nan,45
1447,0,0,1.0000,1280,0,nan,0,720,nan,1280,720,nan,36
1448,0,0,1.0000,1280,0,nan,0,720,nan,1280,720,nan,36
1449,0,0,1.0000,1280,0,nan,0,720,nan,1280,720,nan,36
1450,0,0,1.0000,1280,0,nan,0,720,nan,1280,720,nan,36
1451,0,0,1.0000,1280,0,nan,0,720,nan,1280,720,nan,36
1452,0,0,1.0000,1280,0,nan,0,720,nan,1280,720,nan,36
1453,0,0,1.0000,1280,0,nan,0,720,nan,1280,720,nan,36
1454,0,0,1.0000,1280,0,nan,0,720,nan,1280,720,nan,36
1455,0,0,1.0000,1280,0,nan,0,720,nan,1280,720,nan,36
1456,0,0,1.0000,1280,0,nan,0,720,nan,1280,720,nan,36
1457,0,0,1.0000,1280,0,nan,0,720,nan,1280,720,nan,36
1458,0,0,1.0000,1280,0,nan,0,720,nan,1280,720,nan,36
1459,0,0,1.0000,1280,0,nan,0,720,nan,1280,720,nan,36
1460,0,0,1.0000,1280,0,nan,0,720,nan,1280,720,nan,36
1461,0,0,1.0000,1280,0,nan,0,720,nan,1280,720,nan,36
1462,0,0,1.0000,1280,0,nan,0,720,nan,1280,720,nan,36
1463,0,0,1.0000,1280,0,nan,0,720,nan,1280,720,nan,37
1464,0,0,1.0000,1280,0,nan,0,720,nan,1280,720,nan,36
1465,0,0,1.0000,1280,0,nan,0,720,nan,1280,720,nan,36
1466,0,0,1.0000,1280,0,nan,0,720,nan,1280,720,nan,36
1467,0,0,1.0000,1280,0,nan,0,720,nan,1280,720,nan,36
1468,0,0,1.0000,1280,0,nan,0,720,nan,1280,720,nan,36
1469,0,0,1.0000,1280,0,nan,0,720,nan,1280,720,nan,36
1470,0,0,1.0000,1280,0,nan,0,720,nan,1280,720,nan,36
1471,0,0,1.0000,1280,0,nan,0,720,nan,1280,720,nan,36
1472,0,0,1.0000,1280,0,nan,0,720,nan,1280,720,nan,36
1473,0,0,1.0000,1280,0,nan,0,720,nan,1280,720,nan,36
1474,0,0,1.0000,1280,0,nan,0,720,nan,1280,720,nan,36
1475,0,0,1.0000,1280,0,nan,0,720,nan,1280,720,nan,36
1476,0,0,1.0000,1280,0,nan,0,720,nan,1280,720,nan,36
1477,0,0,1.0000,1280,0,nan,0,720,nan,1280,720,nan,36
1478,0,0,1.0000,1280,0,nan,0,720,nan,1280,720,nan,37
1479,0,0,1.0000,1280,0,nan,0,720,nan,1280,720,nan,54
1480,0,0,1.0000,1280,0,nan,0,720,nan,1280,720,nan,53
1481,0,0,1.0000,1280,0,nan,0,720,nan,1280,720,nan,61
1482,0,0,1.0000,1280,0,nan,0,720,nan,1280,720,nan,49
1483,0,0,1.0000,1280,0,nan,0,720,nan,1280,720,nan,39
1484,0,0,1.0000,1280,0,nan,0,720,nan,1280,720,nan,55
1485,0,0,1.0000,1280,0,nan,0,720,nan,1280,720,nan,43
1486,0,0,1.0000,1280,0,nan,0,720,nan,1280,720,nan,49
1487,0,0,1.0000,1280,0,nan,0,720,nan,1280,720,nan,42
1488,0,0,1.0000,1280,0,nan,0,720,nan,1280,720,nan,37
1489,0,0,1.0000,1280,0,nan,0,720,nan,1280,720,nan,36
1490,0,0,1.0000,1280,0,nan,0,720,nan,1280,720,nan,36
1491,0,0,1.0000,1280,0,nan,0,720,nan,1280,720,nan,36
1492,-3,-50,0.9954,1280,0,nan,0,720,nan,1280,720,nan,35
1493,0,0,1.0000,1280,0,nan,0,720,nan,1280,720,nan,36
1494,0,0,1.0000,1280,0,nan,0,720,nan,1280,720,nan,37
1495,0,0,1.0000,1280,0,nan,0,720,nan,1280,720,nan,37
1496,0,0,1.0000,1280,0,nan,0,720,nan,1280,720,nan,36
1497,0,0,1.0000,1280,0,nan,0,720,nan,1280,720,nan,38
1498,0,0,1.0000,1280,0,nan,0,720,nan,1280,720,nan,37
1499,0,0,1.0000,1280,0,nan,0,720,nan,1280,720,nan,36
1500,0,0,1.0000,1280,0,nan,0,720,nan,1280,720,nan,36
1501,0,0,1.0000,1280,0,nan,0,720,nan,1280,720,nan,36
1502,0,0,1.0000,1280,0,nan,0,720,nan,1280,720,nan,36
1503,0,0,1.0000,1280,0,nan,0,720,nan,1280,720,nan,36
1504,0,0,1.0000,1280,0,nan,0,720,nan,1280,720,nan,36
1505,0,0,1.0000,1280,0,nan,0,720,nan,1280,720,nan,36
1506,0,0,1.0000,1280,0,nan,0,720,nan,1280,720,nan,36
1507,0,0,1.0000,1280,0,nan,0,720,nan,1280,720,nan,36
1508,0,0,1.0000,1280,0,nan,0,720,nan,1280,720,nan,36
1509,0,0,1.0000,1280,0,nan,0,720,nan,1280,720,nan,36
1510,0,0,1.0000,1280,0,nan,0,720,nan,1280,720,nan,36
1511,0,0,1.0000,1280,0,nan,0,720,nan,1280,720,nan,36
1512,0,0,1.0000,1280,0,nan,0,720,nan,1280,720,nan,36
1513,0,0,1.0000,1280,0,nan,0,720,nan,1280,720,nan,36
1514,0,0,1.0000,1280,0,nan,0,720,nan,1280,720,nan,36
1515,0,0,1.0000,1280,0,nan,0,720,nan,1280,720,nan,36
1516,0,0,1.0000,1280,0,nan,0,720,nan,1280,720,nan,36
1517,0,0,1.0000,1280,0,nan,0,720,nan,1280,720,nan,36
1518,0,0,1.0000,1280,0,nan,0,720,nan,1280,720,nan,36
1519,0,0,1.0000,1280,0,nan,0,720,nan,1280,720,nan,36
1520,0,0,1.0000,1280,0,nan,0,720,nan,1280,720,nan,36
1521,0,0,1.0000,1280,0,nan,0,720,nan,1280,720,nan,36
1522,0,0,1.0000,1280,0,nan,0,720,nan,1280,720,nan,36
1523,0,0,1.0000,1280,0,nan,0,720,nan,1280,720,nan,36
1524,0,0,1.0000,1280,0,nan,0,720,nan,1280,720,nan,36
1525,0,0,1.0000,1280,0,nan,0,720,nan,1280,720,nan,36
1526,0,0,1.0000,1280,0,nan,0,720,nan,1280,720,nan,36
1527,0,0,1.0000,1280,0,nan,0,720,nan,1280,720,nan,36
1528,0,0,1.0000,1280,0,nan,0,720,nan,1280,720,nan,36
1529,0,0,1.0000,1280,0,nan,0,720,nan,1280,720,nan,36
1530,0,0,1.0000,1280,0,nan,0,720,nan,1280,720,nan,36
1531,0,0,1.0000,1280,0,nan,0,720,nan,1280,720,nan,36
1532,0,0,1.0000,1280,0,nan,0,720,nan,1280,720,nan,36
1533,0,0,1.0000,1280,0,nan,0,720,nan,1280,720,nan,36
1534,0,0,1.0000,1280,0,nan,0,720,nan,1280,720,nan,36
1535,0,0,1.0000,1280,0,nan,0,720,nan,1280,720,nan,36
1536,0,0,1.0000,1280,0,nan,0,720,nan,1280,720,nan,36
1537,0,0,1.0000,1280,0,nan,0,720,nan,1280,720,nan,36
1538,0,0,1.0000,1280,0,nan,0,720,nan,1280,720,nan,36
1539,0,0,1.0000,1280,0,nan,0,720,nan,1280,720,nan,36
1540,0,0,1.0000,1280,0,nan,0,720,nan,1280,720,nan,36
1541,0,0,1.0000,1280,0,nan,0,720,nan,1280,720,nan,36
1542,0,0,1.0000,1280,0,nan,0,720,nan,1280,720,nan,36
1543,0,0,1.0000,1280,0,nan,0,720,nan,1280,720,nan,36
1544,0,0,1.0000,1280,0,nan,0,720,nan,1280,720,nan,36
1545,0,0,0.9862,1280,0,nan,0,720,nan,1280,720,nan,36
1546,0,0,0.9862,1280,0,nan,0,720,nan,1280,720,nan,36
1547,0,0,1.0000,1280,0,nan,0,720,nan,1280,720,nan,36
1548,0,0,1.0000,1280,0,nan,0,720,nan,1280,720,nan,36
1549,0,0,1.0000,1280,0,nan,0,720,nan,1280,720,nan,36
1550,0,0,1.0000,1280,0,nan,0,720,nan,1280,720,nan,36
1551,0,0,1.0000,1280,0,nan,0,720,nan,1280,720,nan,36
1552,0,0,0.9793,1280,0,nan,0,720,nan,1280,720,nan,36
1553,0,0,0.9655,1280,0,nan,0,720,nan,1280,720,nan,36
1554,0,0,1.0000,1280,0,nan,0,720,nan,1280,720,nan,36
1555,0,0,1.0000,1280,0,nan,0,720,nan,1280,720,nan,36
1556,0,0,1.0000,1280,0,nan,0,720,nan,1280,720,nan,36
1557,0,0,1.0000,1280,0,nan,0,720,nan,1280,720,nan,36
1558,0,0,1.0000,1280,0,nan,0,720,nan,1280,720,nan,36
1559,0,0,1.0000,1280,0,nan,0,720,nan,1280,720,nan,36
1560,0,0,1.0000,1280,0,nan,0,720,nan,1280,720,nan,36
1561,0,0,1.0000,1280,0,nan,0,720,nan,1280,720,nan,36
1562,0,0,1.0000,1280,0,nan,0,720,nan,1280,720,nan,36
1563,0,0,1.0000,1280,0,nan,0,720,nan,1280,720,nan,36
1564,0,0,1.0000,1280,0,nan,0,720,nan,1280,720,nan,36
1565,0,0,1.0000,1280,0,nan,0,720,nan,1280,720,nan,36
1566,0,0,1.0000,1280,0,nan,0,720,nan,1280,720,nan,36
1567,0,0,1.0000,1280,0,nan,0,720,nan,1280,720,nan,36
1568,0,0,1.0000,1280,0,nan,0,720,nan,1280,720,nan,36
1569,0,0,1.0000,1280,0,nan,0,720,nan,1280,720,nan,36
1570,0,0,1.0000,1280,0,nan,0,720,nan,1280,720,nan,36
1571,0,0,1.0000,1280,0,nan,0,720,nan,1280,720,nan,36
1572,0,0,1.0000,1280,0,nan,0,720,nan,1280,720,nan,36
1573,0,0,1.0000,1280,0,nan,0,720,nan,1280,720,nan,36
1574,0,0,1.0000,1280,0,nan,0,720,nan,1280,720,nan,36
1575,0,0,1.0000,1280,0,nan,0,720,nan,1280,720,nan,36
1576,0,0,1.0000,1280,0,nan,0,720,nan,1280,720,nan,36
1577,0,0,1.0000,1280,0,nan,0,720,nan,1280,720,nan,36
1578,0,0,1.0000,1280,0,nan,0,720,nan,1280,720,nan,36
1579,0,0,1.0000,1280,0,nan,0,720,nan,1280,720,nan,36
1580,0,0,1.0000,1280,0,nan,0,720,nan,1280,720,nan,36
1581,0,0,1.0000,1280,0,nan,0,720,nan,1280,720,nan,36
1582,0,0,1.0000,1280,0,nan,0,720,nan,1280,720,nan,36
1583,0,0,1.0000,1280,0,nan,0,720,nan,1280,720,nan,36
1584,0,0,1.0000,1280,0,nan,0,720,nan,1280,720,nan,36
1585,0,0,1.0000,1280,0,nan,0,720,nan,1280,720,nan,36
1586,0,0,1.0000,1280,0,nan,0,720,nan,1280,720,nan,36
1587,0,0,1.0000,1280,0,nan,0,720,nan,1280,720,nan,36
1588,0,0,1.0000,1280,0,nan,0,720,nan,1280,720,nan,36
1589,0,0,1.0000,1280,0,nan,0,720,nan,1280,720,nan,36
1590,0,0,1.0000,1280,0,nan,0,720,nan,1280,720,nan,36
1591,0,0,1.0000,1280,0,nan,0,720,nan,1280,720,nan,36
1592,0,0,1.0000,1280,0,nan,0,720,nan,1280,720,nan,36
1593,0,0,1.0000,1280,0,nan,0,720,nan,1280,720,nan,36
1594,0,0,1.0000,1280,0,nan,0,720,nan,1280,720,nan,36
1595,0,0,1.0000,1280,0,nan,0,720,nan,1280,720,nan,36
1596,0,0,1.0000,1280,0,nan,0,720,nan,1280,720,nan,36
1597,0,0,1.0000,1280,0,nan,0,720,nan,1280,720,nan,36
1598,0,0,1.0000,1280,0,nan,0,720,nan,1280,720,nan,36
1599,0,0,1.0000,1280,0,nan,0,720,nan,1280,720,nan,36
1600,0,0,1.0000,1280,0,nan,0,720,nan,1280,720,nan,36
1601,0,0,1.0000,1280,0,nan,0,720,nan,1280,720,nan,36
1602,0,0,1.0000,1280,0,nan,0,720,nan,1280,720,nan,36
1603,0,0,1.0000,1280,0,nan,0,720,nan,1280,720,nan,36
1604,0,0,1.0000,1280,0,nan,0,720,nan,1280,720,nan,37
1605,0,0,1.0000,1280,0,nan,0,720,nan,1280,720,nan,36
1606,0,0,1.0000,1280,0,nan,0,720,nan,1280,720,nan,36
1607,0,0,1.0000,1280,0,nan,0,720,nan,1280,720,nan,36
1608,0,0,1.0000,1280,0,nan,0,720,nan,1280,720,nan,36
1609,0,0,1.0000,1280,0,nan,0,720,nan,1280,720,nan,36
1610,0,0,1.0000,1280,0,nan,0,720,nan,1280,720,nan,36
1611,0,0,1.0000,1280,0,nan,0,720,nan,1280,720,nan,36
1612,0,0,1.0000,1280,0,nan,0,720,nan,1280,720,nan,36
1613,0,0,1.0000,1280,0,nan,0,720,nan,1280,720,nan,36
1614,0,0,1.0000,1280,0,nan,0,720,nan,1280,720,nan,36
1615,0,0,1.0000,1280,0,nan,0,720,nan,1280,720,nan,36
1616,0,0,1.0000,1280,0,nan,0,720,nan,1280,720,nan,36
1617,0,0,1.0000,1280,0,nan,0,720,nan,1280,720,nan,36
1618,0,0,1.0000,1280,0,nan,0,720,nan,1280,720,nan,36
1619,0,0,1.0000,1280,0,nan,0,720,nan,1280,720,nan,36
1620,0,0,1.0000,1280,0,nan,0,720,nan,1280,720,nan,36
1621,0,0,1.0000,1280,0,nan,0,720,nan,1280,720,nan,36
1622,0,0,1.0000,1280,0,nan,0,720,nan,1280,720,nan,36
1623,0,0,1.0000,1280,0,nan,0,720,nan,1280,720,nan,36
1624,0,0,1.0000,1280,0,nan,0,720,nan,1280,720,nan,36
1625,0,0,1.0000,1280,0,nan,0,720,nan,1280,720,nan,36
1626,0,0,1.0000,1280,0,nan,0,720,nan,1280,720,nan,36
1627,0,0,1.0000,1280,0,nan,0,720,nan,1280,720,nan,36
1628,0,0,1.0000,1280,0,nan,0,720,nan,1280,720,nan,36
1629,0,0,1.0000,1280,0,nan,0,720,nan,1280,720,nan,36
1630,0,0,1.0000,1280,0,nan,0,720,nan,1280,720,nan,36
1631,0,0,1.0000,1280,0,nan,0,720,nan,1280,720,nan,36
1632,0,0,1.0000,1280,0,nan,0,720,nan,1280,720,nan,36
1633,0,0,1.0000,1280,0,nan,0,720,nan,1280,720,nan,36
1634,0,0,1.0000,1280,0,nan,0,720,nan,1280,720,nan,36
1635,0,0,1.0000,1280,0,nan,0,720,nan,1280,720,nan,36
1636,0,0,1.0000,1280,0,nan,0,720,nan,1280,720,nan,36
1637,0,0,1.0000,1280,0,nan,0,720,nan,1280,720,nan,36
1638,0,0,1.0000,1280,0,nan,0,720,nan,1280,720,nan,36
1639,0,0,1.0000,1280,0,nan,0,720,nan,1280,720,nan,36
1640,0,0,1.0000,1280,0,nan,0,720,nan,1280,720,nan,36
1641,0,0,1.0000,1280,0,nan,0,720,nan,1280,720,nan,36
1642,0,0,1.0000,1280,0,nan,0,720,nan,1280,720,nan,36
1643,0,0,1.0000,1280,0,nan,0,720,nan,1280,720,nan,36
1644,0,0,1.0000,1280,0,nan,0,720,nan,1280,720,nan,36
1645,0,0,1.0000,1280,0,nan,0,720,nan,1280,720,nan,36
1646,0,0,1.0000,1280,0,nan,0,720,nan,1280,720,nan,36
1647,0,0,1.0000,1280,0,nan,0,720,nan,1280,720,nan,36
1648,0,0,1.0000,1280,0,nan,0,720,nan,1280,720,nan,36
1649,0,0,1.0000,1280,0,nan,0,720,nan,1280,720,nan,36
1650,0,0,1.0000,1280,0,nan,0,720,nan,1280,720,nan,36
1651,0,0,1.0000,1280,0,nan,0,720,nan,1280,720,nan,36
1652,0,0,1.0000,1280,0,nan,0,720,nan,1280,720,nan,36
1653,0,0,1.0000,1280,0,nan,0,720,nan,1280,720,nan,36
1654,0,0,1.0000,1280,0,nan,0,720,nan,1280,720,nan,36
1655,0,0,1.0000,1280,0,nan,0,720,nan,1280,720,nan,36
1656,0,0,1.0000,1280,0,nan,0,720,nan,1280,720,nan,36
1657,0,0,1.0000,1280,0,nan,0,720,nan,1280,720,nan,36
1658,0,0,1.0000,1280,0,nan,0,720,nan,1280,720,nan,36
1659,0,0,1.0000,1280,0,nan,0,720,nan,1280,720,nan,36
1660,0,0,1.0000,1280,0,nan,0,720,nan,1280,720,nan,36
1661,0,0,1.0000,1280,0,nan,0,720,nan,1280,720,nan,36
1662,0,0,1.0000,1280,0,nan,0,720,nan,1280,720,nan,36
1663,0,0,1.0000,1280,0,nan,0,720,nan,1280,720,nan,36
1664,0,0,1.0000,1280,0,nan,0,720,nan,1280,720,nan,36
1665,0,0,1.0000,1280,0,nan,0,720,nan,1280,720,nan,36
1666,0,0,1.0000,1280,0,nan,0,720,nan,1280,720,nan,36
1667,0,0,1.0000,1280,0,nan,0,720,nan,1280,720,nan,37
1668,0,0,1.0000,1280,0,nan,0,720,nan,1280,720,nan,42
1669,0,0,1.0000,1280,0,nan,0,720,nan,1280,720,nan,38
1670,0,0,1.0000,1280,0,nan,0,720,nan,1280,720,nan,36
1671,0,0,1.0000,1280,0,nan,0,720,nan,1280,720,nan,36
1672,0,0,1.0000,1280,0,nan,0,720,nan,1280,720,nan,36
1673,0,0,1.0000,1280,0,nan,0,720,nan,1280,720,nan,36
1674,0,0,1.0000,1280,0,nan,0,720,nan,1280,720,nan,38
1675,0,0,1.0000,1280,0,nan,0,720,nan,1280,720,nan,36
1676,0,0,1.0000,1280,0,nan,0,720,nan,1280,720,nan,36
1677,0,0,1.0000,1280,0,nan,0,720,nan,1280,720,nan,36
1678,0,0,1.0000,1280,0,nan,0,720,nan,1280,720,nan,36
1679,0,0,1.0000,1280,0,nan,0,720,nan,1280,720,nan,37
1680,0,0,1.0000,1280,0,nan,0,720,nan,1280,720,nan,42
1681,0,0,1.0000,1280,0,nan,0,720,nan,1280,720,nan,37
1682,0,0,1.0000,1280,0,nan,0,720,nan,1280,720,nan,37
1683,0,0,1.0000,1280,0,nan,0,720,nan,1280,720,nan,36
1684,0,0,1.0000,1280,0,nan,0,720,nan,1280,720,nan,36
1685,0,0,1.0000,1280,0,nan,0,720,nan,1280,720,nan,36
1686,0,0,1.0000,1280,0,nan,0,720,nan,1280,720,nan,36
1687,0,0,1.0000,1280,0,nan,0,720,nan,1280,720,nan,36
1688,0,0,1.0000,1280,0,nan,0,720,nan,1280,720,nan,36
1689,0,0,1.0000,1280,0,nan,0,720,nan,1280,720,nan,36
1690,0,0,1.0000,1280,0,nan,0,720,nan,1280,720,nan,36
1691,0,0,1.0000,1280,0,nan,0,720,nan,1280,720,nan,53
1692,0,0,1.0000,1280,0,nan,0,720,nan,1280,720,nan,65
1693,0,0,1.0000,1280,0,nan,0,720,nan,1280,720,nan,36
1694,0,0,1.0000,1280,0,nan,0,720,nan,1280,720,nan,36
1695,0,0,1.0000,1280,0,nan,0,720,nan,1280,720,nan,36
1696,0,0,1.0000,1280,0,nan,0,720,nan,1280,720,nan,36
1697,0,0,1.0000,1280,0,nan,0,720,nan,1280,720,nan,36
